closed_pct,direction,draw,feature,frame,gap,goal1_score,k,layer,method,n_features,rmse_to_target,scope,task_id
-3.369785585841867,inject,,,2,0.19350145757198334,,,-2,occ_features,29,0.20002204179763794,all,0
-3.369785585841867,inject,,,2,0.19350145757198334,,,-2,occ_features_uncapped,29,0.20002204179763794,all,0
-3.369785585841867,inject,,,2,0.19350145757198334,,,-2,occ_features_target_specific,29,0.20002204179763794,all,0
0.15311501615281609,inject,,,2,0.19350145757198334,,,-2,color_features,34,0.19320517778396606,all,0
-0.8500297597434869,inject,0,,2,0.19350145757198334,,,-2,random_same_norm,,0.19514627754688263,all,0
-0.4993661086076129,inject,0,,2,0.19350145757198334,,,-2,random_raw,,0.19446773827075958,all,0
0.009587496610685697,inject,1,,2,0.19350145757198334,,,-2,random_same_norm,,0.193482905626297,all,0
-0.5107786949345661,inject,1,,2,0.19350145757198334,,,-2,random_raw,,0.19448982179164886,all,0
-0.10262086733654474,inject,2,,2,0.19350145757198334,,,-2,random_same_norm,,0.19370003044605255,all,0
-0.6011629902916704,inject,3,,2,0.19350145757198334,,,-2,random_same_norm,,0.19466471672058105,all,0
-0.5291836081068757,inject,4,,2,0.19350145757198334,,,-2,random_same_norm,,0.19452543556690216,all,0
-0.30421242257712144,inject,5,,2,0.19350145757198334,,,-2,random_same_norm,,0.1940901130437851,all,0
0.01647201224920236,inject,6,,2,0.19350145757198334,,,-2,random_same_norm,,0.1934695839881897,all,0
-0.2546192674182324,inject,7,,2,0.19350145757198334,,,-2,random_same_norm,,0.19399414956569672,all,0
0.37602238715112035,inject,8,,2,0.19350145757198334,,,-2,random_same_norm,,0.19277384877204895,all,0
0.28520684696653475,inject,9,,2,0.19350145757198334,,,-2,random_same_norm,,0.192949578166008,all,0
-0.40663306910089236,inject,0,,2,0.19350145757198334,,,-2,random_same_norm_uncapped,,0.19428829848766327,all,0
-0.17664096165133092,inject,1,,2,0.19350145757198334,,,-2,random_same_norm_uncapped,,0.19384326040744781,all,0
-0.2211438876859706,inject,2,,2,0.19350145757198334,,,-2,random_same_norm_uncapped,,0.19392937421798706,all,0
52.01538419717191,inject,,,2,0.19350145757198334,,,-2,all_tc_features,36864,0.0928509309887886,all,0
60.59829213186882,inject,,,2,0.19350145757198334,,,-2,mlp_swap_ceiling,,0.07624287903308868,all,0
-3.000077855092953,inject,,,2,0.19350145757198334,,,-2,occ_features,,0.1993066519498825,bowl,0
31.69852783026943,inject,,,2,0.19350145757198334,,,-2,mlp_swap_ceiling,,0.1321643441915512,bowl,0
-0.50893050281684,inject,,,2,0.19350145757198334,,,-2,occ_features,,0.19448624551296234,nonbowl,0
35.77487341231633,inject,,,2,0.19350145757198334,,,-2,mlp_swap_ceiling,,0.1242765560746193,nonbowl,0
-5.289910880946169,remove,,,2,0.19350145757198334,,,-2,occ_features,,0.2037375122308731,all,0
-0.16169370789924642,remove,,,2,0.19350145757198334,,,-2,color_features,,0.19381433725357056,all,0
89.0983781498103,remove,,,2,0.19350145757198334,,,-2,mlp_swap_ceiling,,0.021094797179102898,all,0
0.06878354998123282,inject,,,2,0.19350145757198334,,50,-2,topk_oracle_50,,0.1933683604001999,all,0
-0.037179464768177795,inject,,,2,0.19350145757198334,,100,-2,topk_oracle_100,,0.19357340037822723,all,0
0.2710758780664513,inject,,,2,0.19350145757198334,,200,-2,topk_oracle_200,,0.1929769217967987,all,0
2.7094111405786547,inject,,,2,0.19350145757198334,,500,-2,topk_oracle_500,,0.18825870752334595,all,0
4.6578984838895,inject,,,2,0.19350145757198334,,1000,-2,topk_oracle_1000,,0.18448835611343384,all,0
11.600077716478552,inject,,,2,0.19350145757198334,,2000,-2,topk_oracle_2000,,0.1710551381111145,all,0
36.28046561812054,inject,,,2,0.19350145757198334,,5000,-2,topk_oracle_5000,,0.12329822778701782,all,0
-0.17456944631937255,inject,,,2,0.19350145757198334,,100,-2,topk_discovery_100,,0.19383925199508667,all,0
1.076872239792459,inject,,,2,0.19350145757198334,,500,-2,topk_discovery_500,,0.19141769409179688,all,0
2.692007331470103,inject,,,2,0.19350145757198334,,2000,-2,topk_discovery_2000,,0.18829238414764404,all,0
5.521443148493843,inject,,,2,0.19350145757198334,,5000,-2,topk_discovery_5000,,0.18281738460063934,all,0
0.10117311684432195,inject,,,2,0.19350145757198334,,500,-2,random_k_500,,0.19330568611621857,all,0
0.5336577731918646,inject,,,2,0.19350145757198334,,2000,-2,random_k_2000,,0.1924688220024109,all,0
-1.8912395924643999,inject,,,2,0.19350145757198334,,,5,occ_features,5,0.19716103374958038,all,0
-0.15437024663276233,inject,,,2,0.19350145757198334,,,5,color_features,,0.1938001662492752,all,0
8.9608593723709,inject,,,2,0.19350145757198334,,,5,mlp_swap_ceiling,,0.17616206407546997,all,0
0.0,inject,0,,2,0.19350145757198334,,,5,random_same_norm,,0.19350145757198334,all,0
0.11257030157028058,inject,1,,2,0.19350145757198334,,,5,random_same_norm,,0.19328363239765167,all,0
-0.5068358850834231,inject,,,2,0.19350145757198334,,,1,occ_features,3,0.19448219239711761,all,0
-0.025967099253998427,inject,,,2,0.19350145757198334,,,1,color_features,,0.193551704287529,all,0
9.329296471038873,inject,,,2,0.19350145757198334,,,1,mlp_swap_ceiling,,0.17544913291931152,all,0
0.0,inject,0,,2,0.19350145757198334,,,1,random_same_norm,,0.19350145757198334,all,0
-0.30612992189924526,inject,1,,2,0.19350145757198334,,,1,random_same_norm,,0.19409382343292236,all,0
-0.490333069632265,inject,,,2,0.19350145757198334,,,7,occ_features,5,0.1944502592086792,all,0
-0.2128963303606346,inject,,,2,0.19350145757198334,,,7,color_features,,0.19391341507434845,all,0
4.594905935877125,inject,,,2,0.19350145757198334,,,7,mlp_swap_ceiling,,0.1846102476119995,all,0
-0.07464385915452176,inject,0,,2,0.19350145757198334,,,7,random_same_norm,,0.1936458945274353,all,0
0.05498371550224368,inject,1,,2,0.19350145757198334,,,7,random_same_norm,,0.19339506328105927,all,0
-0.34794526856272157,inject,,1113,2,0.19350145757198334,38.155999163393496,,1,single_feature_1113,,0.19417473673820496,all,0
-0.4102909493338913,inject,,93,2,0.19350145757198334,31.892732724971566,,5,single_feature_93,,0.19429537653923035,all,0
-0.2528865873078656,inject,,564,2,0.19350145757198334,30.82558867525743,,1,single_feature_564,,0.1939907968044281,all,0
0.32493827446371526,inject,,,3,0.2574034035205841,,,-2,occ_features,29,0.25656700134277344,all,0
0.32493827446371526,inject,,,3,0.2574034035205841,,,-2,occ_features_uncapped,29,0.25656700134277344,all,0
0.32493827446371526,inject,,,3,0.2574034035205841,,,-2,occ_features_target_specific,29,0.25656700134277344,all,0
1.0352291442944805,inject,,,3,0.2574034035205841,,,-2,color_features,34,0.2547386884689331,all,0
0.5074779799757456,inject,0,,3,0.2574034035205841,,,-2,random_same_norm,,0.25609713792800903,all,0
0.10333419203950589,inject,0,,3,0.2574034035205841,,,-2,random_raw,,0.2571374177932739,all,0
0.19915422266347793,inject,1,,3,0.2574034035205841,,,-2,random_same_norm,,0.25689077377319336,all,0
-0.6073619099169036,inject,1,,3,0.2574034035205841,,,-2,random_raw,,0.2589667737483978,all,0
0.4728480003241886,inject,2,,3,0.2574034035205841,,,-2,random_same_norm,,0.25618627667427063,all,0
0.3373152213869912,inject,3,,3,0.2574034035205841,,,-2,random_same_norm,,0.256535142660141,all,0
0.5828164211635345,inject,4,,3,0.2574034035205841,,,-2,random_same_norm,,0.2559032142162323,all,0
-0.15720690862883746,inject,5,,3,0.2574034035205841,,,-2,random_same_norm,,0.25780805945396423,all,0
-0.03906437691219011,inject,6,,3,0.2574034035205841,,,-2,random_same_norm,,0.2575039565563202,all,0
0.16437372822238894,inject,7,,3,0.2574034035205841,,,-2,random_same_norm,,0.256980299949646,all,0
0.6940468506227537,inject,8,,3,0.2574034035205841,,,-2,random_same_norm,,0.2556169033050537,all,0
-0.7593934253982138,inject,9,,3,0.2574034035205841,,,-2,random_same_norm,,0.25935810804367065,all,0
0.28844422703419026,inject,0,,3,0.2574034035205841,,,-2,random_same_norm_uncapped,,0.25666093826293945,all,0
0.18874554606476135,inject,1,,3,0.2574034035205841,,,-2,random_same_norm_uncapped,,0.2569175660610199,all,0
-0.5015500128805916,inject,2,,3,0.2574034035205841,,,-2,random_same_norm_uncapped,,0.2586944103240967,all,0
39.11782124053131,inject,,,3,0.2574034035205841,,,-2,all_tc_features,36864,0.15671280026435852,all,0
85.8557098653761,inject,,,3,0.2574034035205841,,,-2,mlp_swap_ceiling,,0.03640788421034813,all,0
0.91356688211508,inject,,,3,0.2574034035205841,,,-2,occ_features,,0.255051851272583,bowl,0
34.95698460986277,inject,,,3,0.2574034035205841,,,-2,mlp_swap_ceiling,,0.16742293536663055,bowl,0
-0.24435497176400478,inject,,,3,0.2574034035205841,,,-2,occ_features,,0.2580323815345764,nonbowl,0
75.3729698594134,inject,,,3,0.2574034035205841,,,-2,mlp_swap_ceiling,,0.06339081376791,nonbowl,0
0.6020012677976472,remove,,,3,0.2574034035205841,,,-2,occ_features,,0.2558538317680359,all,0
-0.08088433227877445,remove,,,3,0.2574034035205841,,,-2,color_features,,0.25761160254478455,all,0
90.70860915650934,remove,,,3,0.2574034035205841,,,-2,mlp_swap_ceiling,,0.02391635626554489,all,0
-0.10992210859641638,inject,,,3,0.2574034035205841,,50,-2,topk_oracle_50,,0.2576863467693329,all,0
-0.1275670731530898,inject,,,3,0.2574034035205841,,100,-2,topk_oracle_100,,0.25773176550865173,all,0
-2.1924563145296005,inject,,,3,0.2574034035205841,,200,-2,topk_oracle_200,,0.26304686069488525,all,0
-2.7908799615608437,inject,,,3,0.2574034035205841,,500,-2,topk_oracle_500,,0.2645872235298157,all,0
0.3241162321516944,inject,,,3,0.2574034035205841,,1000,-2,topk_oracle_1000,,0.25656911730766296,all,0
6.6368280744816595,inject,,,3,0.2574034035205841,,2000,-2,topk_oracle_2000,,0.24031998217105865,all,0
22.657309663917847,inject,,,3,0.2574034035205841,,5000,-2,topk_oracle_5000,,0.19908271729946136,all,0
-0.11242296971469834,inject,,,3,0.2574034035205841,,100,-2,topk_discovery_100,,0.25769278407096863,all,0
-1.8652834743444702,inject,,,3,0.2574034035205841,,500,-2,topk_discovery_500,,0.26220470666885376,all,0
1.0914869413947481,inject,,,3,0.2574034035205841,,2000,-2,topk_discovery_2000,,0.2545938789844513,all,0
10.411067468254409,inject,,,3,0.2574034035205841,,5000,-2,topk_discovery_5000,,0.23060496151447296,all,0
-0.43075017150002726,inject,,,3,0.2574034035205841,,500,-2,random_k_500,,0.2585121691226959,all,0
3.831579739551527,inject,,,3,0.2574034035205841,,2000,-2,random_k_2000,,0.24754078686237335,all,0
0.009737149076216589,inject,,,3,0.2574034035205841,,,5,occ_features,5,0.25737833976745605,all,0
0.40971283514867896,inject,,,3,0.2574034035205841,,,5,color_features,,0.25634878873825073,all,0
20.595529131848057,inject,,,3,0.2574034035205841,,,5,mlp_swap_ceiling,,0.2043898105621338,all,0
0.03747818259181024,inject,0,,3,0.2574034035205841,,,5,random_same_norm,,0.25730693340301514,all,0
0.141298653182087,inject,1,,3,0.2574034035205841,,,5,random_same_norm,,0.2570396959781647,all,0
0.22901404129315184,inject,,,3,0.2574034035205841,,,1,occ_features,3,0.2568139135837555,all,0
0.789843725125261,inject,,,3,0.2574034035205841,,,1,color_features,,0.2553703188896179,all,0
19.493355640397013,inject,,,3,0.2574034035205841,,,1,mlp_swap_ceiling,,0.20722684264183044,all,0
0.025529623915643285,inject,0,,3,0.2574034035205841,,,1,random_same_norm,,0.25733768939971924,all,0
0.0,inject,1,,3,0.2574034035205841,,,1,random_same_norm,,0.2574034035205841,all,0
0.5837658221436226,inject,,,3,0.2574034035205841,,,7,occ_features,5,0.2559007704257965,all,0
0.08497138771741408,inject,,,3,0.2574034035205841,,,7,color_features,,0.2571846842765808,all,0
24.04578544116753,inject,,,3,0.2574034035205841,,,7,mlp_swap_ceiling,,0.19550873339176178,all,0
0.84158607853978,inject,0,,3,0.2574034035205841,,,7,random_same_norm,,0.2552371323108673,all,0
0.18772667672027898,inject,1,,3,0.2574034035205841,,,7,random_same_norm,,0.25692018866539,all,0
0.23254534981663744,inject,,1113,3,0.2574034035205841,38.155999163393496,,1,single_feature_1113,,0.25680482387542725,all,0
0.105904521522171,inject,,93,3,0.2574034035205841,31.892732724971566,,5,single_feature_93,,0.25713080167770386,all,0
0.2885715857022575,inject,,564,3,0.2574034035205841,30.82558867525743,,1,single_feature_564,,0.2566606104373932,all,0
-1.674324367993818,inject,,,4,0.3015699088573456,,,-2,occ_features,29,0.30661916732788086,all,0
-1.674324367993818,inject,,,4,0.3015699088573456,,,-2,occ_features_uncapped,29,0.30661916732788086,all,0
-1.674324367993818,inject,,,4,0.3015699088573456,,,-2,occ_features_target_specific,29,0.30661916732788086,all,0
-0.1767169446567296,inject,,,4,0.3015699088573456,,,-2,color_features,34,0.30210283398628235,all,0
-0.1725366925825922,inject,0,,4,0.3015699088573456,,,-2,random_same_norm,,0.30209022760391235,all,0
-0.1436998709458459,inject,0,,4,0.3015699088573456,,,-2,random_raw,,0.30200326442718506,all,0
-0.2714199130408712,inject,1,,4,0.3015699088573456,,,-2,random_same_norm,,0.30238842964172363,all,0
-0.3036661601281576,inject,1,,4,0.3015699088573456,,,-2,random_raw,,0.3024856746196747,all,0
0.022818444537098248,inject,2,,4,0.3015699088573456,,,-2,random_same_norm,,0.3015010952949524,all,0
-0.027591640167856646,inject,3,,4,0.3015699088573456,,,-2,random_same_norm,,0.301653116941452,all,0
-0.312639372618273,inject,4,,4,0.3015699088573456,,,-2,random_same_norm,,0.3025127351284027,all,0
0.14928342277062967,inject,5,,4,0.3015699088573456,,,-2,random_same_norm,,0.30111971497535706,all,0
-0.20001962643172444,inject,6,,4,0.3015699088573456,,,-2,random_same_norm,,0.30217310786247253,all,0
-0.04370982251520328,inject,7,,4,0.3015699088573456,,,-2,random_same_norm,,0.30170172452926636,all,0
-0.264769062814163,inject,8,,4,0.3015699088573456,,,-2,random_same_norm,,0.3023683726787567,all,0
-0.41512966637931026,inject,9,,4,0.3015699088573456,,,-2,random_same_norm,,0.3028218150138855,all,0
-0.09167895624540012,inject,0,,4,0.3015699088573456,,,-2,random_same_norm_uncapped,,0.30184638500213623,all,0
-0.49846788326166624,inject,1,,4,0.3015699088573456,,,-2,random_same_norm_uncapped,,0.30307313799858093,all,0
0.011750164813606467,inject,2,,4,0.3015699088573456,,,-2,random_same_norm_uncapped,,0.3015344738960266,all,0
37.987279779527775,inject,,,4,0.3015699088573456,,,-2,all_tc_features,36864,0.1870117038488388,all,0
40.02273642067843,inject,,,4,0.3015699088573456,,,-2,mlp_swap_ceiling,,0.18087337911128998,all,0
-1.277556187084361,inject,,,4,0.3015699088573456,,,-2,occ_features,,0.3054226338863373,bowl,0
27.890211954591994,inject,,,4,0.3015699088573456,,,-2,mlp_swap_ceiling,,0.21746142208576202,bowl,0
0.35574636918425107,inject,,,4,0.3015699088573456,,,-2,occ_features,,0.3004970848560333,nonbowl,0
16.123508956955956,inject,,,4,0.3015699088573456,,,-2,mlp_swap_ceiling,,0.25294625759124756,nonbowl,0
-0.563118495718018,remove,,,4,0.3015699088573456,,,-2,occ_features,,0.30326810479164124,all,0
-0.1557465075377351,remove,,,4,0.3015699088573456,,,-2,color_features,,0.30203959345817566,all,0
86.23505498118541,remove,,,4,0.3015699088573456,,,-2,mlp_swap_ceiling,,0.0415109321475029,all,0
0.03827450657954978,inject,,,4,0.3015699088573456,,50,-2,topk_oracle_50,,0.30145448446273804,all,0
0.09464367402849394,inject,,,4,0.3015699088573456,,100,-2,topk_oracle_100,,0.3012844920158386,all,0
0.5782484388043185,inject,,,4,0.3015699088573456,,200,-2,topk_oracle_200,,0.29982608556747437,all,0
1.584276006529095,inject,,,4,0.3015699088573456,,500,-2,topk_oracle_500,,0.296792209148407,all,0
-0.5261978769260711,inject,,,4,0.3015699088573456,,1000,-2,topk_oracle_1000,,0.3031567633152008,all,0
9.765464140898406,inject,,,4,0.3015699088573456,,2000,-2,topk_oracle_2000,,0.2721202075481415,all,0
23.506466593016484,inject,,,4,0.3015699088573456,,5000,-2,topk_oracle_5000,,0.23068147897720337,all,0
0.12179060652888207,inject,,,4,0.3015699088573456,,100,-2,topk_discovery_100,,0.3012026250362396,all,0
-2.3277086378139744,inject,,,4,0.3015699088573456,,500,-2,topk_discovery_500,,0.3085895776748657,all,0
-3.593119364380315,inject,,,4,0.3015699088573456,,2000,-2,topk_discovery_2000,,0.31240567564964294,all,0
-5.3420063846185695,inject,,,4,0.3015699088573456,,5000,-2,topk_discovery_5000,,0.3176797926425934,all,0
-0.12671203804879294,inject,,,4,0.3015699088573456,,500,-2,random_k_500,,0.3019520342350006,all,0
2.3993559842383716,inject,,,4,0.3015699088573456,,2000,-2,random_k_2000,,0.29433417320251465,all,0
-1.259105760081014,inject,,,4,0.3015699088573456,,,5,occ_features,5,0.30536699295043945,all,0
-0.026633048084656608,inject,,,4,0.3015699088573456,,,5,color_features,,0.3016502261161804,all,0
1.7564174034072733,inject,,,4,0.3015699088573456,,,5,mlp_swap_ceiling,,0.2962730824947357,all,0
-0.20250010697691057,inject,0,,4,0.3015699088573456,,,5,random_same_norm,,0.30218058824539185,all,0
-0.1378000825575043,inject,1,,4,0.3015699088573456,,,5,random_same_norm,,0.3019854724407196,all,0
-0.47399907915866013,inject,,,4,0.3015699088573456,,,1,occ_features,3,0.302999347448349,all,0
0.10141311296651967,inject,,,4,0.3015699088573456,,,1,color_features,,0.30126407742500305,all,0
0.8793352944612032,inject,,,4,0.3015699088573456,,,1,mlp_swap_ceiling,,0.29891809821128845,all,0
0.0,inject,0,,4,0.3015699088573456,,,1,random_same_norm,,0.3015699088573456,all,0
-0.3264253103095971,inject,1,,4,0.3015699088573456,,,1,random_same_norm,,0.30255430936813354,all,0
-0.048670783605553325,inject,,,4,0.3015699088573456,,,7,occ_features,5,0.301716685295105,all,0
-0.10910161441730626,inject,,,4,0.3015699088573456,,,7,color_features,,0.30189892649650574,all,0
5.693789914366098,inject,,,4,0.3015699088573456,,,7,mlp_swap_ceiling,,0.284399151802063,all,0
0.059274590876357,inject,0,,4,0.3015699088573456,,,7,random_same_norm,,0.3013911545276642,all,0
-0.08012643928401175,inject,1,,4,0.3015699088573456,,,7,random_same_norm,,0.301811546087265,all,0
-0.3856307244376911,inject,,1113,4,0.3015699088573456,38.155999163393496,,1,single_feature_1113,,0.3027328550815582,all,0
-0.2942680047558044,inject,,93,4,0.3015699088573456,31.892732724971566,,5,single_feature_93,,0.302457332611084,all,0
-0.14551823118611473,inject,,564,4,0.3015699088573456,30.82558867525743,,1,single_feature_564,,0.3020087480545044,all,0
0.6480420752830729,inject,,,5,0.17899547517299652,,,-2,occ_features,29,0.17783550918102264,all,0
0.6480420752830729,inject,,,5,0.17899547517299652,,,-2,occ_features_uncapped,29,0.17783550918102264,all,0
0.6480420752830729,inject,,,5,0.17899547517299652,,,-2,occ_features_target_specific,29,0.17783550918102264,all,0
0.14565212667838612,inject,,,5,0.17899547517299652,,,-2,color_features,34,0.17873476445674896,all,0
0.05093162500104942,inject,0,,5,0.17899547517299652,,,-2,random_same_norm,,0.17890430986881256,all,0
0.185686481799352,inject,0,,5,0.17899547517299652,,,-2,random_raw,,0.17866310477256775,all,0
-0.1259471321740646,inject,1,,5,0.17899547517299652,,,-2,random_same_norm,,0.17922091484069824,all,0
0.17430636879242067,inject,1,,5,0.17899547517299652,,,-2,random_raw,,0.17868347465991974,all,0
0.23930704352406185,inject,2,,5,0.17899547517299652,,,-2,random_same_norm,,0.17856712639331818,all,0
-0.3834523666514267,inject,3,,5,0.17899547517299652,,,-2,random_same_norm,,0.17968183755874634,all,0
0.15380218566434234,inject,4,,5,0.17899547517299652,,,-2,random_same_norm,,0.17872017621994019,all,0
-0.03987618237251134,inject,5,,5,0.17899547517299652,,,-2,random_same_norm,,0.17906685173511505,all,0
0.07510708086948537,inject,6,,5,0.17899547517299652,,,-2,random_same_norm,,0.17886103689670563,all,0
0.7777853534199353,inject,7,,5,0.17899547517299652,,,-2,random_same_norm,,0.17760327458381653,all,0
0.6167321959713701,inject,8,,5,0.17899547517299652,,,-2,random_same_norm,,0.1778915524482727,all,0
0.5739756046007627,inject,9,,5,0.17899547517299652,,,-2,random_same_norm,,0.1779680848121643,all,0
0.03906866886727034,inject,0,,5,0.17899547517299652,,,-2,random_same_norm_uncapped,,0.1789255440235138,all,0
-0.2672453458293145,inject,1,,5,0.17899547517299652,,,-2,random_same_norm_uncapped,,0.17947383224964142,all,0
-0.1507802536807823,inject,2,,5,0.17899547517299652,,,-2,random_same_norm_uncapped,,0.1792653650045395,all,0
9.717933867640882,inject,,,5,0.17899547517299652,,,-2,all_tc_features,36864,0.16160081326961517,all,0
88.64346826051518,inject,,,5,0.17899547517299652,,,-2,mlp_swap_ceiling,,0.020327677950263023,all,0
1.2216180855719516,inject,,,5,0.17899547517299652,,,-2,occ_features,,0.17680883407592773,bowl,0
-1.601091158867618,inject,,,5,0.17899547517299652,,,-2,mlp_swap_ceiling,,0.18186135590076447,bowl,0
-0.03183434684603803,inject,,,5,0.17899547517299652,,,-2,occ_features,,0.1790524572134018,nonbowl,0
86.28516357101785,inject,,,5,0.17899547517299652,,,-2,mlp_swap_ceiling,,0.024548936635255814,nonbowl,0
0.15227040746881304,remove,,,5,0.17899547517299652,,,-2,occ_features,,0.17872291803359985,all,0
-0.06664067638664228,remove,,,5,0.17899547517299652,,,-2,color_features,,0.17911475896835327,all,0
88.6263887255131,remove,,,5,0.17899547517299652,,,-2,mlp_swap_ceiling,,0.02035824954509735,all,0
0.11223605234785827,inject,,,5,0.17899547517299652,,50,-2,topk_oracle_50,,0.17879457771778107,all,0
0.17973419152871317,inject,,,5,0.17899547517299652,,100,-2,topk_oracle_100,,0.17867375910282135,all,0
-0.38296119864307254,inject,,,5,0.17899547517299652,,200,-2,topk_oracle_200,,0.1796809583902359,all,0
1.5919754136279773,inject,,,5,0.17899547517299652,,500,-2,topk_oracle_500,,0.17614591121673584,all,0
3.765077505062986,inject,,,5,0.17899547517299652,,1000,-2,topk_oracle_1000,,0.17225615680217743,all,0
10.58792560852594,inject,,,5,0.17899547517299652,,2000,-2,topk_oracle_2000,,0.16004356741905212,all,0
7.318536522462238,inject,,,5,0.17899547517299652,,5000,-2,topk_oracle_5000,,0.16589562594890594,all,0
0.32540296797010093,inject,,,5,0.17899547517299652,,100,-2,topk_discovery_100,,0.1784130185842514,all,0
-0.9307717006975302,inject,,,5,0.17899547517299652,,500,-2,topk_discovery_500,,0.18066151440143585,all,0
4.212698058296316,inject,,,5,0.17899547517299652,,2000,-2,topk_discovery_2000,,0.17145493626594543,all,0
9.39661841648599,inject,,,5,0.17899547517299652,,5000,-2,topk_discovery_5000,,0.1621759533882141,all,0
0.5743169247421576,inject,,,5,0.17899547517299652,,500,-2,random_k_500,,0.17796747386455536,all,0
3.1693240104650466,inject,,,5,0.17899547517299652,,2000,-2,random_k_2000,,0.17332252860069275,all,0
0.398428828465236,inject,,,5,0.17899547517299652,,,5,occ_features,5,0.17828230559825897,all,0
-0.48961958038766795,inject,,,5,0.17899547517299652,,,5,color_features,,0.17987187206745148,all,0
40.728949933579926,inject,,,5,0.17899547517299652,,,5,mlp_swap_ceiling,,0.10609249770641327,all,0
-0.09808375380229162,inject,0,,5,0.17899547517299652,,,5,random_same_norm,,0.17917104065418243,all,0
0.06379356691452731,inject,1,,5,0.17899547517299652,,,5,random_same_norm,,0.17888128757476807,all,0
0.13395566817455684,inject,,,5,0.17899547517299652,,,1,occ_features,3,0.17875570058822632,all,0
0.013053414187913503,inject,,,5,0.17899547517299652,,,1,color_features,,0.17897211015224457,all,0
45.17989777545014,inject,,,5,0.17899547517299652,,,1,mlp_swap_ceiling,,0.09812550246715546,all,0
0.09501187252974885,inject,0,,5,0.17899547517299652,,,1,random_same_norm,,0.17882540822029114,all,0
0.0,inject,1,,5,0.17899547517299652,,,1,random_same_norm,,0.17899547517299652,all,0
0.3183351435788184,inject,,,5,0.17899547517299652,,,7,occ_features,5,0.17842566967010498,all,0
0.2513448221692971,inject,,,5,0.17899547517299652,,,7,color_features,,0.17854557931423187,all,0
7.5517247780857115,inject,,,5,0.17899547517299652,,,7,mlp_swap_ceiling,,0.16547822952270508,all,0
0.3696913375362376,inject,0,,5,0.17899547517299652,,,7,random_same_norm,,0.17833374440670013,all,0
0.4298386063548931,inject,1,,5,0.17899547517299652,,,7,random_same_norm,,0.17822608351707458,all,0
0.41248955331433246,inject,,1113,5,0.17899547517299652,38.155999163393496,,1,single_feature_1113,,0.17825713753700256,all,0
0.10932234382377004,inject,,93,5,0.17899547517299652,31.892732724971566,,5,single_feature_93,,0.1787997931241989,all,0
0.39353379814476286,inject,,564,5,0.17899547517299652,30.82558867525743,,1,single_feature_564,,0.17829106748104095,all,0
0.6619915396061771,inject,,,8,0.12933112680912018,,,-2,occ_features,29,0.12847496569156647,all,1
0.6619915396061771,inject,,,8,0.12933112680912018,,,-2,occ_features_uncapped,29,0.12847496569156647,all,1
0.6619915396061771,inject,,,8,0.12933112680912018,,,-2,occ_features_target_specific,29,0.12847496569156647,all,1
0.0007834764810144002,inject,,,8,0.12933112680912018,,,-2,color_features,34,0.129330113530159,all,1
0.9933790476497673,inject,0,,8,0.12933112680912018,,,-2,random_same_norm,,0.12804637849330902,all,1
0.7529324199687437,inject,0,,8,0.12933112680912018,,,-2,random_raw,,0.12835735082626343,all,1
0.06578898097937547,inject,1,,8,0.12933112680912018,,,-2,random_same_norm,,0.1292460411787033,all,1
0.43148815020627174,inject,1,,8,0.12933112680912018,,,-2,random_raw,,0.12877307832241058,all,1
-0.01944865146992214,inject,2,,8,0.12933112680912018,,,-2,random_same_norm,,0.1293562799692154,all,1
0.9540439196176198,inject,3,,8,0.12933112680912018,,,-2,random_same_norm,,0.12809725105762482,all,1
-0.31725036624645764,inject,4,,8,0.12933112680912018,,,-2,random_same_norm,,0.12974143028259277,all,1
-0.034576660581286944,inject,5,,8,0.12933112680912018,,,-2,random_same_norm,,0.12937584519386292,all,1
1.3457475949864461,inject,6,,8,0.12933112680912018,,,-2,random_same_norm,,0.12759065628051758,all,1
0.21946558838795704,inject,7,,8,0.12933112680912018,,,-2,random_same_norm,,0.12904728949069977,all,1
0.13058709464452978,inject,8,,8,0.12933112680912018,,,-2,random_same_norm,,0.1291622370481491,all,1
0.41701687873340054,inject,9,,8,0.12933112680912018,,,-2,random_same_norm,,0.12879179418087006,all,1
0.3668743839484123,inject,0,,8,0.12933112680912018,,,-2,random_same_norm_uncapped,,0.12885664403438568,all,1
0.9083833711725608,inject,1,,8,0.12933112680912018,,,-2,random_same_norm_uncapped,,0.12815630435943604,all,1
1.0864975317610437,inject,2,,8,0.12933112680912018,,,-2,random_same_norm_uncapped,,0.12792594730854034,all,1
53.506034209117935,inject,,,8,0.12933112680912018,,,-2,all_tc_features,36864,0.060131169855594635,all,1
76.92566133192153,inject,,,8,0.12933112680912018,,,-2,mlp_swap_ceiling,,0.029842302203178406,all,1
1.268033641097488,inject,,,8,0.12933112680912018,,,-2,occ_features,,0.12769116461277008,bowl,1
22.603423216136388,inject,,,8,0.12933112680912018,,,-2,mlp_swap_ceiling,,0.10009786486625671,bowl,1
0.314439068285155,inject,,,8,0.12933112680912018,,,-2,occ_features,,0.12892445921897888,nonbowl,1
76.05635385023962,inject,,,8,0.12933112680912018,,,-2,mlp_swap_ceiling,,0.030966587364673615,nonbowl,1
0.7332418125267526,remove,,,8,0.12933112680912018,,,-2,occ_features,,0.1283828169107437,all,1
-0.03052101762073267,remove,,,8,0.12933112680912018,,,-2,color_features,,0.12937059998512268,all,1
81.9763568689284,remove,,,8,0.12933112680912018,,,-2,mlp_swap_ceiling,,0.023310180753469467,all,1
-0.054048355477109844,inject,,,8,0.12933112680912018,,50,-2,topk_oracle_50,,0.12940102815628052,all,1
0.17932394044887223,inject,,,8,0.12933112680912018,,100,-2,topk_oracle_100,,0.12909920513629913,all,1
-1.744951905489689,inject,,,8,0.12933112680912018,,200,-2,topk_oracle_200,,0.1315878927707672,all,1
-1.2389989244480981,inject,,,8,0.12933112680912018,,500,-2,topk_oracle_500,,0.13093353807926178,all,1
-0.30531387162391344,inject,,,8,0.12933112680912018,,1000,-2,topk_oracle_1000,,0.12972599267959595,all,1
-0.875753880080854,inject,,,8,0.12933112680912018,,2000,-2,topk_oracle_2000,,0.13046374917030334,all,1
12.505304308602172,inject,,,8,0.12933112680912018,,5000,-2,topk_oracle_5000,,0.11315787583589554,all,1
0.027951675631521233,inject,,,8,0.12933112680912018,,100,-2,topk_discovery_100,,0.1292949765920639,all,1
-0.978320168816138,inject,,,8,0.12933112680912018,,500,-2,topk_discovery_500,,0.13059639930725098,all,1
-46.557502276978525,inject,,,8,0.12933112680912018,,2000,-2,topk_discovery_2000,,0.1895444691181183,all,1
-2.175783318057456,inject,,,8,0.12933112680912018,,5000,-2,topk_discovery_5000,,0.13214509189128876,all,1
0.1361175168634654,inject,,,8,0.12933112680912018,,500,-2,random_k_500,,0.12915508449077606,all,1
6.287024304477395,inject,,,8,0.12933112680912018,,2000,-2,random_k_2000,,0.12120004743337631,all,1
-0.4396916098310166,inject,,,8,0.12933112680912018,,,5,occ_features,5,0.1298997849225998,all,1
0.062378553944375525,inject,,,8,0.12933112680912018,,,5,color_features,,0.1292504519224167,all,1
17.131018582794745,inject,,,8,0.12933112680912018,,,5,mlp_swap_ceiling,,0.10717538744211197,all,1
0.30047475218235586,inject,0,,8,0.12933112680912018,,,5,random_same_norm,,0.12894251942634583,all,1
0.2498829105920808,inject,1,,8,0.12933112680912018,,,5,random_same_norm,,0.129007950425148,all,1
0.8486663329210442,inject,,,8,0.12933112680912018,,,1,occ_features,3,0.12823353707790375,all,1
0.3089547329180542,inject,,,8,0.12933112680912018,,,1,color_features,,0.12893155217170715,all,1
13.4668776676366,inject,,,8,0.12933112680912018,,,1,mlp_swap_ceiling,,0.11191426217556,all,1
0.0,inject,0,,8,0.12933112680912018,,,1,random_same_norm,,0.12933112680912018,all,1
0.0,inject,1,,8,0.12933112680912018,,,1,random_same_norm,,0.12933112680912018,all,1
0.6589382856728054,inject,,,8,0.12933112680912018,,,7,occ_features,5,0.12847891449928284,all,1
0.09678238883130685,inject,,,8,0.12933112680912018,,,7,color_features,,0.12920595705509186,all,1
15.055387754608251,inject,,,8,0.12933112680912018,,,7,mlp_swap_ceiling,,0.10985982418060303,all,1
0.20896930788494306,inject,0,,8,0.12933112680912018,,,7,random_same_norm,,0.12906086444854736,all,1
0.0,inject,1,,8,0.12933112680912018,,,7,random_same_norm,,0.12933112680912018,all,1
0.6600904569684207,inject,,1113,8,0.12933112680912018,38.155999163393496,,1,single_feature_1113,,0.12847742438316345,all,1
0.5798417262291244,inject,,93,8,0.12933112680912018,31.892732724971566,,5,single_feature_93,,0.1285812109708786,all,1
0.8198966156696463,inject,,564,8,0.12933112680912018,30.82558867525743,,1,single_feature_564,,0.12827074527740479,all,1
0.06535914813914356,inject,,,9,0.31380394101142883,,,-2,occ_features,29,0.3135988414287567,all,1
0.06535914813914356,inject,,,9,0.31380394101142883,,,-2,occ_features_uncapped,29,0.3135988414287567,all,1
0.06535914813914356,inject,,,9,0.31380394101142883,,,-2,occ_features_target_specific,29,0.3135988414287567,all,1
-0.40117714845882,inject,,,9,0.31380394101142883,,,-2,color_features,34,0.31506285071372986,all,1
0.045139789466042135,inject,0,,9,0.31380394101142883,,,-2,random_same_norm,,0.3136622905731201,all,1
-0.4300483792555321,inject,0,,9,0.31380394101142883,,,-2,random_raw,,0.31515344977378845,all,1
-0.05508326928320706,inject,1,,9,0.31380394101142883,,,-2,random_same_norm,,0.31397679448127747,all,1
0.06801834044936061,inject,1,,9,0.31380394101142883,,,-2,random_raw,,0.31359049677848816,all,1
-0.22798775214010192,inject,2,,9,0.31380394101142883,,,-2,random_same_norm,,0.31451937556266785,all,1
-0.3080294406778261,inject,3,,9,0.31380394101142883,,,-2,random_same_norm,,0.31477054953575134,all,1
0.4676379619836135,inject,4,,9,0.31380394101142883,,,-2,random_same_norm,,0.3123364746570587,all,1
0.05132241158731787,inject,5,,9,0.31380394101142883,,,-2,random_same_norm,,0.3136428892612457,all,1
-0.2711711358350577,inject,6,,9,0.31380394101142883,,,-2,random_same_norm,,0.3146548867225647,all,1
0.16793749150602055,inject,7,,9,0.31380394101142883,,,-2,random_same_norm,,0.3132769465446472,all,1
-0.13253224531846186,inject,8,,9,0.31380394101142883,,,-2,random_same_norm,,0.3142198324203491,all,1
-0.24263230407712832,inject,9,,9,0.31380394101142883,,,-2,random_same_norm,,0.3145653307437897,all,1
-0.5662844995775185,inject,0,,9,0.31380394101142883,,,-2,random_same_norm_uncapped,,0.31558096408843994,all,1
0.034018667340074416,inject,1,,9,0.31380394101142883,,,-2,random_same_norm_uncapped,,0.3136971890926361,all,1
-0.18918253864161905,inject,2,,9,0.31380394101142883,,,-2,random_same_norm_uncapped,,0.3143976032733917,all,1
56.016807235054465,inject,,,9,0.31380394101142883,,,-2,all_tc_features,36864,0.13802099227905273,all,1
84.24794313849084,inject,,,9,0.31380394101142883,,,-2,mlp_swap_ceiling,,0.04943057522177696,all,1
-0.031292995222087505,inject,,,9,0.31380394101142883,,,-2,occ_features,,0.3139021396636963,bowl,1
42.70112492382127,inject,,,9,0.31380394101142883,,,-2,mlp_swap_ceiling,,0.17980612814426422,bowl,1
-0.5617448784193568,inject,,,9,0.31380394101142883,,,-2,occ_features,,0.3155667185783386,nonbowl,1
59.629486188012685,inject,,,9,0.31380394101142883,,,-2,mlp_swap_ceiling,,0.1266842633485794,nonbowl,1
0.41396026577867895,remove,,,9,0.31380394101142883,,,-2,occ_features,,0.31250491738319397,all,1
-0.07129484526018359,remove,,,9,0.31380394101142883,,,-2,color_features,,0.31402766704559326,all,1
90.73265484832964,remove,,,9,0.31380394101142883,,,-2,mlp_swap_ceiling,,0.029081294313073158,all,1
0.0663563452554694,inject,,,9,0.31380394101142883,,50,-2,topk_oracle_50,,0.313595712184906,all,1
-0.1847568828681867,inject,,,9,0.31380394101142883,,100,-2,topk_oracle_100,,0.31438371539115906,all,1
-0.278588382957512,inject,,,9,0.31380394101142883,,200,-2,topk_oracle_200,,0.3146781623363495,all,1
1.9567001816703233,inject,,,9,0.31380394101142883,,500,-2,topk_oracle_500,,0.3076637387275696,all,1
8.0032666278108,inject,,,9,0.31380394101142883,,1000,-2,topk_oracle_1000,,0.28868937492370605,all,1
11.245106967435248,inject,,,9,0.31380394101142883,,2000,-2,topk_oracle_2000,,0.27851635217666626,all,1
41.472981703902164,inject,,,9,0.31380394101142883,,5000,-2,topk_oracle_5000,,0.183660089969635,all,1
-0.15060525591259477,inject,,,9,0.31380394101142883,,100,-2,topk_discovery_100,,0.3142765462398529,all,1
0.5633213995747011,inject,,,9,0.31380394101142883,,500,-2,topk_discovery_500,,0.3120362162590027,all,1
-0.7006781795131367,inject,,,9,0.31380394101142883,,2000,-2,topk_discovery_2000,,0.3160026967525482,all,1
12.836025749718905,inject,,,9,0.31380394101142883,,5000,-2,topk_discovery_5000,,0.2735239863395691,all,1
0.8167614209698026,inject,,,9,0.31380394101142883,,500,-2,random_k_500,,0.31124091148376465,all,1
-1.4621663888918723,inject,,,9,0.31380394101142883,,2000,-2,random_k_2000,,0.318392276763916,all,1
-0.31360424741391224,inject,,,9,0.31380394101142883,,,5,occ_features,5,0.3147880434989929,all,1
-0.29695580412882894,inject,,,9,0.31380394101142883,,,5,color_features,,0.3147358000278473,all,1
5.469873108091516,inject,,,9,0.31380394101142883,,,5,mlp_swap_ceiling,,0.29663926362991333,all,1
0.16750062419791378,inject,0,,9,0.31380394101142883,,,5,random_same_norm,,0.31327831745147705,all,1
0.26496002236761074,inject,1,,9,0.31380394101142883,,,5,random_same_norm,,0.3129724860191345,all,1
-0.037542097151122,inject,,,9,0.31380394101142883,,,1,occ_features,3,0.3139217495918274,all,1
-0.21134880597042383,inject,,,9,0.31380394101142883,,,1,color_features,,0.3144671618938446,all,1
12.894366529582136,inject,,,9,0.31380394101142883,,,1,mlp_swap_ceiling,,0.2733409106731415,all,1
-0.08573046065853962,inject,0,,9,0.31380394101142883,,,1,random_same_norm,,0.31407296657562256,all,1
0.197397543457134,inject,1,,9,0.31380394101142883,,,1,random_same_norm,,0.3131844997406006,all,1
0.34334921282683784,inject,,,9,0.31380394101142883,,,7,occ_features,5,0.3127264976501465,all,1
-0.23880496657346928,inject,,,9,0.31380394101142883,,,7,color_features,,0.31455332040786743,all,1
10.286534619407373,inject,,,9,0.31380394101142883,,,7,mlp_swap_ceiling,,0.2815243899822235,all,1
-0.09256838374196441,inject,0,,9,0.31380394101142883,,,7,random_same_norm,,0.3140944242477417,all,1
-0.30290099836525197,inject,1,,9,0.31380394101142883,,,7,random_same_norm,,0.314754456281662,all,1
-0.4933371562388489,inject,,1113,9,0.31380394101142883,38.155999163393496,,1,single_feature_1113,,0.31535205245018005,all,1
-0.6368955525293485,inject,,93,9,0.31380394101142883,31.892732724971566,,5,single_feature_93,,0.31580254435539246,all,1
-0.1771876818994489,inject,,564,9,0.31380394101142883,30.82558867525743,,1,single_feature_564,,0.31435996294021606,all,1
0.1585444807392311,inject,,,10,0.23089849948883057,,,-2,occ_features,29,0.2305324226617813,all,1
0.1585444807392311,inject,,,10,0.23089849948883057,,,-2,occ_features_uncapped,29,0.2305324226617813,all,1
0.1585444807392311,inject,,,10,0.23089849948883057,,,-2,occ_features_target_specific,29,0.2305324226617813,all,1
0.343174229974752,inject,,,10,0.23089849948883057,,,-2,color_features,34,0.23010611534118652,all,1
-0.07129241986105761,inject,0,,10,0.23089849948883057,,,-2,random_same_norm,,0.231063112616539,all,1
0.16258440604320912,inject,0,,10,0.23089849948883057,,,-2,random_raw,,0.23052309453487396,all,1
0.057572162359043055,inject,1,,10,0.23089849948883057,,,-2,random_same_norm,,0.23076556622982025,all,1
0.4096329372915819,inject,1,,10,0.23089849948883057,,,-2,random_raw,,0.22995266318321228,all,1
0.035371933851580106,inject,2,,10,0.23089849948883057,,,-2,random_same_norm,,0.2308168262243271,all,1
0.17133542635022758,inject,3,,10,0.23089849948883057,,,-2,random_same_norm,,0.2305028885602951,all,1
0.21663292748217433,inject,4,,10,0.23089849948883057,,,-2,random_same_norm,,0.2303982973098755,all,1
0.25294708033436475,inject,5,,10,0.23089849948883057,,,-2,random_same_norm,,0.2303144484758377,all,1
0.15403989948975516,inject,6,,10,0.23089849948883057,,,-2,random_same_norm,,0.23054282367229462,all,1
0.36727825714782947,inject,7,,10,0.23089849948883057,,,-2,random_same_norm,,0.2300504595041275,all,1
0.12456651472416702,inject,8,,10,0.23089849948883057,,,-2,random_same_norm,,0.23061087727546692,all,1
0.02594329029070863,inject,9,,10,0.23089849948883057,,,-2,random_same_norm,,0.2308385968208313,all,1
-0.10634812952750039,inject,0,,10,0.23089849948883057,,,-2,random_same_norm_uncapped,,0.23114405572414398,all,1
-0.1323688624757846,inject,1,,10,0.23089849948883057,,,-2,random_same_norm_uncapped,,0.23120413720607758,all,1
0.18189344200086888,inject,2,,10,0.23089849948883057,,,-2,random_same_norm_uncapped,,0.23047851026058197,all,1
52.650152278079034,inject,,,10,0.23089849948883057,,,-2,all_tc_features,36864,0.10933008790016174,all,1
91.2703675802835,inject,,,10,0.23089849948883057,,,-2,mlp_swap_ceiling,,0.02015659026801586,all,1
0.1526717458724347,inject,,,10,0.23089849948883057,,,-2,occ_features,,0.2305459827184677,bowl,1
12.809441499042029,inject,,,10,0.23089849948883057,,,-2,mlp_swap_ceiling,,0.20132169127464294,bowl,1
0.4042119512606912,inject,,,10,0.23089849948883057,,,-2,occ_features,,0.2299651801586151,nonbowl,1
79.51456167197665,inject,,,10,0.23089849948883057,,,-2,mlp_swap_ceiling,,0.04730056971311569,nonbowl,1
-0.8294818518294722,remove,,,10,0.23089849948883057,,,-2,occ_features,,0.232813760638237,all,1
-0.7885598608510236,remove,,,10,0.23089849948883057,,,-2,color_features,,0.2327192723751068,all,1
92.46911699752751,remove,,,10,0.23089849948883057,,,-2,mlp_swap_ceiling,,0.01738869585096836,all,1
-0.027750285634331462,inject,,,10,0.23089849948883057,,50,-2,topk_oracle_50,,0.2309625744819641,all,1
0.06078603264879634,inject,,,10,0.23089849948883057,,100,-2,topk_oracle_100,,0.23075814545154572,all,1
1.9540976717123182,inject,,,10,0.23089849948883057,,200,-2,topk_oracle_200,,0.22638651728630066,all,1
2.470820897333237,inject,,,10,0.23089849948883057,,500,-2,topk_oracle_500,,0.22519341111183167,all,1
7.980175454085026,inject,,,10,0.23089849948883057,,1000,-2,topk_oracle_1000,,0.21247239410877228,all,1
11.382224948203767,inject,,,10,0.23089849948883057,,2000,-2,topk_oracle_2000,,0.20461711287498474,all,1
21.68451848995079,inject,,,10,0.23089849948883057,,5000,-2,topk_oracle_5000,,0.1808292716741562,all,1
-0.010461212328660707,inject,,,10,0.23089849948883057,,100,-2,topk_discovery_100,,0.2309226542711258,all,1
3.9012577720160424,inject,,,10,0.23089849948883057,,500,-2,topk_discovery_500,,0.22189055383205414,all,1
8.025518130100561,inject,,,10,0.23089849948883057,,2000,-2,topk_discovery_2000,,0.2123676985502243,all,1
10.194351384184252,inject,,,10,0.23089849948883057,,5000,-2,topk_discovery_5000,,0.2073598951101303,all,1
1.35726647037534,inject,,,10,0.23089849948883057,,500,-2,random_k_500,,0.22776459157466888,all,1
3.2924681336371164,inject,,,10,0.23089849948883057,,2000,-2,random_k_2000,,0.22329623997211456,all,1
0.20005374520436492,inject,,,10,0.23089849948883057,,,5,occ_features,5,0.23043657839298248,all,1
0.2621498494772889,inject,,,10,0.23089849948883057,,,5,color_features,,0.23029319941997528,all,1
9.969799944964086,inject,,,10,0.23089849948883057,,,5,mlp_swap_ceiling,,0.20787838101387024,all,1
0.015714405934796893,inject,0,,10,0.23089849948883057,,,5,random_same_norm,,0.23086221516132355,all,1
0.10568341338322851,inject,1,,10,0.23089849948883057,,,5,random_same_norm,,0.23065447807312012,all,1
0.23547085393953449,inject,,,10,0.23089849948883057,,,1,occ_features,3,0.23035480082035065,all,1
0.1803962172875706,inject,,,10,0.23089849948883057,,,1,color_features,,0.23048196732997894,all,1
7.862817560070978,inject,,,10,0.23089849948883057,,,1,mlp_swap_ceiling,,0.2127433717250824,all,1
0.1815126822677482,inject,0,,10,0.23089849948883057,,,1,random_same_norm,,0.2304793894290924,all,1
0.0,inject,1,,10,0.23089849948883057,,,1,random_same_norm,,0.23089849948883057,all,1
0.08416726168442024,inject,,,10,0.23089849948883057,,,7,occ_features,5,0.2307041585445404,all,1
0.29092625032461905,inject,,,10,0.23089849948883057,,,7,color_features,,0.23022675514221191,all,1
10.399690590768728,inject,,,10,0.23089849948883057,,,7,mlp_swap_ceiling,,0.20688576996326447,all,1
0.09833281446752773,inject,0,,10,0.23089849948883057,,,7,random_same_norm,,0.2306714504957199,all,1
0.009318933129298657,inject,1,,10,0.23089849948883057,,,7,random_same_norm,,0.23087698221206665,all,1
0.0,inject,,1113,10,0.23089849948883057,38.155999163393496,,1,single_feature_1113,,0.23089849948883057,all,1
0.25980075553057036,inject,,93,10,0.23089849948883057,31.892732724971566,,5,single_feature_93,,0.23029862344264984,all,1
0.13916445567879743,inject,,564,10,0.23089849948883057,30.82558867525743,,1,single_feature_564,,0.23057717084884644,all,1
-2.8129272314695974,inject,,,11,0.22202298045158386,,,-2,occ_features,29,0.2282683253288269,all,1
-2.8129272314695974,inject,,,11,0.22202298045158386,,,-2,occ_features_uncapped,29,0.2282683253288269,all,1
-2.8129272314695974,inject,,,11,0.22202298045158386,,,-2,occ_features_target_specific,29,0.2282683253288269,all,1
0.8413452342361016,inject,,,11,0.22202298045158386,,,-2,color_features,34,0.2201550006866455,all,1
-0.7963242237600587,inject,0,,11,0.22202298045158386,,,-2,random_same_norm,,0.2237910032272339,all,1
0.5866959826734908,inject,0,,11,0.22202298045158386,,,-2,random_raw,,0.22072038054466248,all,1
0.7311685932142264,inject,1,,11,0.22202298045158386,,,-2,random_same_norm,,0.2203996181488037,all,1
0.5891322717019309,inject,1,,11,0.22202298045158386,,,-2,random_raw,,0.2207149714231491,all,1
0.26535415789972205,inject,2,,11,0.22202298045158386,,,-2,random_same_norm,,0.2214338332414627,all,1
-0.4668077432379514,inject,3,,11,0.22202298045158386,,,-2,random_same_norm,,0.22305940091609955,all,1
1.2043120302341448,inject,4,,11,0.22202298045158386,,,-2,random_same_norm,,0.21934913098812103,all,1
-0.461170049618409,inject,5,,11,0.22202298045158386,,,-2,random_same_norm,,0.22304688394069672,all,1
-1.4031078457231727,inject,6,,11,0.22202298045158386,,,-2,random_same_norm,,0.22513820230960846,all,1
-0.06036359096921462,inject,7,,11,0.22202298045158386,,,-2,random_same_norm,,0.22215700149536133,all,1
0.04993385777306569,inject,8,,11,0.22202298045158386,,,-2,random_same_norm,,0.22191211581230164,all,1
-0.21795726225544154,inject,9,,11,0.22202298045158386,,,-2,random_same_norm,,0.22250689566135406,all,1
-0.23389716981068176,inject,0,,11,0.22202298045158386,,,-2,random_same_norm_uncapped,,0.22254228591918945,all,1
0.055135301291098227,inject,1,,11,0.22202298045158386,,,-2,random_same_norm_uncapped,,0.2219005674123764,all,1
0.01798692726234785,inject,2,,11,0.22202298045158386,,,-2,random_same_norm_uncapped,,0.22198304533958435,all,1
53.90558272610675,inject,,,11,0.22202298045158386,,,-2,all_tc_features,36864,0.1023401990532875,all,1
89.42278574549437,inject,,,11,0.22202298045158386,,,-2,mlp_swap_ceiling,,0.023483846336603165,all,1
-3.1407792500659504,inject,,,11,0.22202298045158386,,,-2,occ_features,,0.22899623215198517,bowl,1
14.572330602407702,inject,,,11,0.22202298045158386,,,-2,mlp_swap_ceiling,,0.18966905772686005,bowl,1
0.5518496668727058,inject,,,11,0.22202298045158386,,,-2,occ_features,,0.22079774737358093,nonbowl,1
79.50885285686769,inject,,,11,0.22202298045158386,,,-2,mlp_swap_ceiling,,0.04549505561590195,nonbowl,1
-23.98007746459494,remove,,,11,0.22202298045158386,,,-2,occ_features,,0.27526426315307617,all,1
0.48102949654724725,remove,,,11,0.22202298045158386,,,-2,color_features,,0.2209549844264984,all,1
91.06142837679391,remove,,,11,0.22202298045158386,,,-2,mlp_swap_ceiling,,0.019845683127641678,all,1
-0.14071414812770744,inject,,,11,0.22202298045158386,,50,-2,topk_oracle_50,,0.22233539819717407,all,1
-0.1555466515791304,inject,,,11,0.22202298045158386,,100,-2,topk_oracle_100,,0.22236832976341248,all,1
4.770448552354378,inject,,,11,0.22202298045158386,,200,-2,topk_oracle_200,,0.21143148839473724,all,1
13.624949747344072,inject,,,11,0.22202298045158386,,500,-2,topk_oracle_500,,0.1917724609375,all,1
19.78445218061291,inject,,,11,0.22202298045158386,,1000,-2,topk_oracle_1000,,0.1780969500541687,all,1
21.645991767625006,inject,,,11,0.22202298045158386,,2000,-2,topk_oracle_2000,,0.17396390438079834,all,1
39.17962161679657,inject,,,11,0.22202298045158386,,5000,-2,topk_oracle_5000,,0.1350352168083191,all,1
-0.16214409542198993,inject,,,11,0.22202298045158386,,100,-2,topk_discovery_100,,0.22238297760486603,all,1
4.7325551973830375,inject,,,11,0.22202298045158386,,500,-2,topk_discovery_500,,0.2115156203508377,all,1
8.880676201080428,inject,,,11,0.22202298045158386,,2000,-2,topk_discovery_2000,,0.2023058384656906,all,1
10.397376861697305,inject,,,11,0.22202298045158386,,5000,-2,topk_discovery_5000,,0.19893841445446014,all,1
0.33130846170831285,inject,,,11,0.22202298045158386,,500,-2,random_k_500,,0.22128739953041077,all,1
2.353878028498546,inject,,,11,0.22202298045158386,,2000,-2,random_k_2000,,0.21679683029651642,all,1
-1.0500607058795186,inject,,,11,0.22202298045158386,,,5,occ_features,5,0.2243543565273285,all,1
-0.11659958482412858,inject,,,11,0.22202298045158386,,,5,color_features,,0.22228185832500458,all,1
-0.377926818709895,inject,,,11,0.22202298045158386,,,5,mlp_swap_ceiling,,0.22286206483840942,all,1
0.0,inject,0,,11,0.22202298045158386,,,5,random_same_norm,,0.22202298045158386,all,1
0.25279015497616797,inject,1,,11,0.22202298045158386,,,5,random_same_norm,,0.2214617282152176,all,1
-0.5023587707411847,inject,,,11,0.22202298045158386,,,1,occ_features,3,0.22313833236694336,all,1
-0.10033081180773618,inject,,,11,0.22202298045158386,,,1,color_features,,0.2222457379102707,all,1
21.478243536283593,inject,,,11,0.22202298045158386,,,1,mlp_swap_ceiling,,0.17433634400367737,all,1
-0.18143977298887837,inject,0,,11,0.22202298045158386,,,1,random_same_norm,,0.22242581844329834,all,1
0.29322718361632916,inject,1,,11,0.22202298045158386,,,1,random_same_norm,,0.22137194871902466,all,1
-0.5599504956807833,inject,,,11,0.22202298045158386,,,7,occ_features,5,0.22326619923114777,all,1
0.1999032195928674,inject,,,11,0.22202298045158386,,,7,color_features,,0.2215791493654251,all,1
19.896917456782713,inject,,,11,0.22202298045158386,,,7,mlp_swap_ceiling,,0.1778472512960434,all,1
-0.13900270542177573,inject,0,,11,0.22202298045158386,,,7,random_same_norm,,0.22233159840106964,all,1
0.10718329417149786,inject,1,,11,0.22202298045158386,,,7,random_same_norm,,0.22178500890731812,all,1
0.28066318069277507,inject,,1113,11,0.22202298045158386,38.155999163393496,,1,single_feature_1113,,0.22139984369277954,all,1
-0.00234232746811891,inject,,93,11,0.22202298045158386,31.892732724971566,,5,single_feature_93,,0.22202818095684052,all,1
-0.16025144113542833,inject,,564,11,0.22202298045158386,30.82558867525743,,1,single_feature_564,,0.22237877547740936,all,1
1.7677609322403698,inject,,,14,0.14163833856582642,,,-2,occ_features,29,0.1391345113515854,all,2
1.7677609322403698,inject,,,14,0.14163833856582642,,,-2,occ_features_uncapped,29,0.1391345113515854,all,2
1.7677609322403698,inject,,,14,0.14163833856582642,,,-2,occ_features_target_specific,29,0.1391345113515854,all,2
-0.521304786396648,inject,,,14,0.14163833856582642,,,-2,color_features,34,0.14237670600414276,all,2
0.8684730906953098,inject,0,,14,0.14163833856582642,,,-2,random_same_norm,,0.1404082477092743,all,2
0.043239544551876286,inject,0,,14,0.14163833856582642,,,-2,random_raw,,0.1415770947933197,all,2
0.1170623874035992,inject,1,,14,0.14163833856582642,,,-2,random_same_norm,,0.14147253334522247,all,2
0.6636060223111806,inject,1,,14,0.14163833856582642,,,-2,random_raw,,0.1406984180212021,all,2
0.08800457181910026,inject,2,,14,0.14163833856582642,,,-2,random_same_norm,,0.14151369035243988,all,2
0.38031862178843356,inject,3,,14,0.14163833856582642,,,-2,random_same_norm,,0.14109966158866882,all,2
0.4979596405668141,inject,4,,14,0.14163833856582642,,,-2,random_same_norm,,0.14093303680419922,all,2
0.26594950042019283,inject,5,,14,0.14163833856582642,,,-2,random_same_norm,,0.14126165211200714,all,2
-0.4854822440124362,inject,6,,14,0.14163833856582642,,,-2,random_same_norm,,0.1423259675502777,all,2
-0.25197818286182283,inject,7,,14,0.14163833856582642,,,-2,random_same_norm,,0.14199523627758026,all,2
0.23828040013517127,inject,8,,14,0.14163833856582642,,,-2,random_same_norm,,0.14130084216594696,all,2
-0.11563158982230703,inject,9,,14,0.14163833856582642,,,-2,random_same_norm,,0.141802117228508,all,2
-0.1310547461028655,inject,0,,14,0.14163833856582642,,,-2,random_same_norm_uncapped,,0.14182396233081818,all,2
-0.2231412992567794,inject,1,,14,0.14163833856582642,,,-2,random_same_norm_uncapped,,0.14195439219474792,all,2
-0.20478290382053288,inject,2,,14,0.14163833856582642,,,-2,random_same_norm_uncapped,,0.14192838966846466,all,2
42.094448842042894,inject,,,14,0.14163833856582642,,,-2,all_tc_features,36864,0.0820164605975151,all,2
82.8435639568623,inject,,,14,0.14163833856582642,,,-2,mlp_swap_ceiling,,0.024300090968608856,all,2
2.1941596526023455,inject,,,14,0.14163833856582642,,,-2,occ_features,,0.13853056728839874,bowl,2
19.137212225576185,inject,,,14,0.14163833856582642,,,-2,mlp_swap_ceiling,,0.1145327091217041,bowl,2
-0.36091868987757625,inject,,,14,0.14163833856582642,,,-2,occ_features,,0.14214953780174255,nonbowl,2
54.225303066072975,inject,,,14,0.14163833856582642,,,-2,mlp_swap_ceiling,,0.06483452022075653,nonbowl,2
4.303870686197897,remove,,,14,0.14163833856582642,,,-2,occ_features,,0.13554240763187408,all,2
-0.6298665528761793,remove,,,14,0.14163833856582642,,,-2,color_features,,0.14253047108650208,all,2
91.62254142158997,remove,,,14,0.14163833856582642,,,-2,mlp_swap_ceiling,,0.011865693144500256,all,2
-0.005165600091228129,inject,,,14,0.14163833856582642,,50,-2,topk_oracle_50,,0.1416456550359726,all,2
0.9076727361941761,inject,,,14,0.14163833856582642,,100,-2,topk_oracle_100,,0.14035272598266602,all,2
2.776105007076135,inject,,,14,0.14163833856582642,,200,-2,topk_oracle_200,,0.13770630955696106,all,2
8.435950977508277,inject,,,14,0.14163833856582642,,500,-2,topk_oracle_500,,0.1296897977590561,all,2
9.856680372865846,inject,,,14,0.14163833856582642,,1000,-2,topk_oracle_1000,,0.12767750024795532,all,2
13.181548855214642,inject,,,14,0.14163833856582642,,2000,-2,topk_oracle_2000,,0.12296821177005768,all,2
25.366747085907193,inject,,,14,0.14163833856582642,,5000,-2,topk_oracle_5000,,0.10570929944515228,all,2
-0.07248673040449738,inject,,,14,0.14163833856582642,,100,-2,topk_discovery_100,,0.14174100756645203,all,2
5.489275961716911,inject,,,14,0.14163833856582642,,500,-2,topk_discovery_500,,0.1338634192943573,all,2
7.9736981530507345,inject,,,14,0.14163833856582642,,2000,-2,topk_discovery_2000,,0.13034452497959137,all,2
16.252050985209344,inject,,,14,0.14163833856582642,,5000,-2,topk_discovery_5000,,0.11861920356750488,all,2
0.5668272947363051,inject,,,14,0.14163833856582642,,500,-2,random_k_500,,0.1408354938030243,all,2
-2.207099954256564,inject,,,14,0.14163833856582642,,2000,-2,random_k_2000,,0.14476443827152252,all,2
0.9974973667012166,inject,,,14,0.14163833856582642,,,5,occ_features,5,0.14022549986839294,all,2
-0.13789311689573758,inject,,,14,0.14163833856582642,,,5,color_features,,0.14183364808559418,all,2
9.783225749979907,inject,,,14,0.14163833856582642,,,5,mlp_swap_ceiling,,0.12778154015541077,all,2
0.23467184447062417,inject,0,,14,0.14163833856582642,,,5,random_same_norm,,0.14130595326423645,all,2
0.06981450551004631,inject,1,,14,0.14163833856582642,,,5,random_same_norm,,0.14153945446014404,all,2
-0.06339695753518892,inject,,,14,0.14163833856582642,,,1,occ_features,3,0.14172813296318054,all,2
-0.3909128362321823,inject,,,14,0.14163833856582642,,,1,color_features,,0.1421920210123062,all,2
14.353756075103409,inject,,,14,0.14163833856582642,,,1,mlp_swap_ceiling,,0.12130791693925858,all,2
0.0,inject,0,,14,0.14163833856582642,,,1,random_same_norm,,0.14163833856582642,all,2
-0.13639919589176763,inject,1,,14,0.14163833856582642,,,1,random_same_norm,,0.14183153212070465,all,2
0.23936401889157466,inject,,,14,0.14163833856582642,,,7,occ_features,5,0.141299307346344,all,2
-0.3458111507105288,inject,,,14,0.14163833856582642,,,7,color_features,,0.1421281397342682,all,2
17.705052230424055,inject,,,14,0.14163833856582642,,,7,mlp_swap_ceiling,,0.11656119674444199,all,2
0.6900021335716877,inject,0,,14,0.14163833856582642,,,7,random_same_norm,,0.14066103100776672,all,2
-0.3146281798950268,inject,1,,14,0.14163833856582642,,,7,random_same_norm,,0.14208397269248962,all,2
-0.2634666457938639,inject,,1113,14,0.14163833856582642,38.155999163393496,,1,single_feature_1113,,0.14201150834560394,all,2
0.09472721633702053,inject,,93,14,0.14163833856582642,31.892732724971566,,5,single_feature_93,,0.141504168510437,all,2
-0.024281476599941065,inject,,564,14,0.14163833856582642,30.82558867525743,,1,single_feature_564,,0.14167273044586182,all,2
-3.8464086773223105,inject,,,15,0.13246755301952362,,,-2,occ_features,29,0.1375627964735031,all,2
-3.8464086773223105,inject,,,15,0.13246755301952362,,,-2,occ_features_uncapped,29,0.1375627964735031,all,2
-3.8464086773223105,inject,,,15,0.13246755301952362,,,-2,occ_features_target_specific,29,0.1375627964735031,all,2
-0.2639107727137713,inject,,,15,0.13246755301952362,,,-2,color_features,34,0.13281714916229248,all,2
2.117461835528056,inject,0,,15,0.13246755301952362,,,-2,random_same_norm,,0.12966260313987732,all,2
1.0219638421655852,inject,0,,15,0.13246755301952362,,,-2,random_raw,,0.13111378252506256,all,2
-0.8086844316266717,inject,1,,15,0.13246755301952362,,,-2,random_same_norm,,0.13353879749774933,all,2
-0.23054649361786694,inject,1,,15,0.13246755301952362,,,-2,random_raw,,0.13277295231819153,all,2
-0.595371274345613,inject,2,,15,0.13246755301952362,,,-2,random_same_norm,,0.1332562267780304,all,2
0.8920276358820978,inject,3,,15,0.13246755301952362,,,-2,random_same_norm,,0.1312859058380127,all,2
0.250760792180027,inject,4,,15,0.13246755301952362,,,-2,random_same_norm,,0.13213537633419037,all,2
0.24464138293249782,inject,5,,15,0.13246755301952362,,,-2,random_same_norm,,0.13214348256587982,all,2
-0.5630868909992648,inject,6,,15,0.13246755301952362,,,-2,random_same_norm,,0.13321346044540405,all,2
-0.4152649113636109,inject,7,,15,0.13246755301952362,,,-2,random_same_norm,,0.1330176442861557,all,2
-0.7432494985515348,inject,8,,15,0.13246755301952362,,,-2,random_same_norm,,0.13345211744308472,all,2
-0.4273574939759328,inject,9,,15,0.13246755301952362,,,-2,random_same_norm,,0.1330336630344391,all,2
-0.2802779426681168,inject,0,,15,0.13246755301952362,,,-2,random_same_norm_uncapped,,0.13283883035182953,all,2
-0.18988166929834183,inject,1,,15,0.13246755301952362,,,-2,random_same_norm_uncapped,,0.13271908462047577,all,2
-0.37250778902930826,inject,2,,15,0.13246755301952362,,,-2,random_same_norm_uncapped,,0.13296100497245789,all,2
39.29465596714957,inject,,,15,0.13246755301952362,,,-2,all_tc_features,36864,0.08041488379240036,all,2
87.22857214046698,inject,,,15,0.13246755301952362,,,-2,mlp_swap_ceiling,,0.0169179979711771,all,2
-3.7108705118379604,inject,,,15,0.13246755301952362,,,-2,occ_features,,0.13738325238227844,bowl,2
22.16352163902977,inject,,,15,0.13246755301952362,,,-2,mlp_swap_ceiling,,0.10310807824134827,bowl,2
-0.13351336095390742,inject,,,15,0.13246755301952362,,,-2,occ_features,,0.1326444149017334,nonbowl,2
64.89211391505292,inject,,,15,0.13246755301952362,,,-2,mlp_swap_ceiling,,0.04650655761361122,nonbowl,2
0.13766421024130615,remove,,,15,0.13246755301952362,,,-2,occ_features,,0.1322851926088333,all,2
1.41041134241503,remove,,,15,0.13246755301952362,,,-2,color_features,,0.1305992156267166,all,2
83.89521659052839,remove,,,15,0.13246755301952362,,,-2,mlp_swap_ceiling,,0.021333612501621246,all,2
-0.09675190981250914,inject,,,15,0.13246755301952362,,50,-2,topk_oracle_50,,0.1325957179069519,all,2
-0.023847697802881207,inject,,,15,0.13246755301952362,,100,-2,topk_oracle_100,,0.13249914348125458,all,2
-3.056836150680109,inject,,,15,0.13246755301952362,,200,-2,topk_oracle_200,,0.13651686906814575,all,2
-2.9467542777089184,inject,,,15,0.13246755301952362,,500,-2,topk_oracle_500,,0.13637104630470276,all,2
7.3991194575053765,inject,,,15,0.13246755301952362,,1000,-2,topk_oracle_1000,,0.1226661205291748,all,2
19.20646898050079,inject,,,15,0.13246755301952362,,2000,-2,topk_oracle_2000,,0.10702521353960037,all,2
27.809182871008588,inject,,,15,0.13246755301952362,,5000,-2,topk_oracle_5000,,0.09562940895557404,all,2
0.16425664307432308,inject,,,15,0.13246755301952362,,100,-2,topk_discovery_100,,0.13224996626377106,all,2
1.3016230945605112,inject,,,15,0.13246755301952362,,500,-2,topk_discovery_500,,0.13074332475662231,all,2
6.236082984138913,inject,,,15,0.13246755301952362,,2000,-2,topk_discovery_2000,,0.12420676648616791,all,2
4.236644754906971,inject,,,15,0.13246755301952362,,5000,-2,topk_discovery_5000,,0.12685537338256836,all,2
-4.553537912833749,inject,,,15,0.13246755301952362,,500,-2,random_k_500,,0.13849951326847076,all,2
8.760699263994798,inject,,,15,0.13246755301952362,,2000,-2,random_k_2000,,0.12086246907711029,all,2
-1.0982089816504281,inject,,,15,0.13246755301952362,,,5,occ_features,5,0.13392232358455658,all,2
0.2919543154602744,inject,,,15,0.13246755301952362,,,5,color_features,,0.1320808082818985,all,2
9.332110351396949,inject,,,15,0.13246755301952362,,,5,mlp_swap_ceiling,,0.12010553479194641,all,2
-0.08603169471526062,inject,0,,15,0.13246755301952362,,,5,random_same_norm,,0.13258151710033417,all,2
-0.19422375012472237,inject,1,,15,0.13246755301952362,,,5,random_same_norm,,0.1327248364686966,all,2
-0.6263057880049994,inject,,,15,0.13246755301952362,,,1,occ_features,3,0.13329720497131348,all,2
-0.05985547170239691,inject,,,15,0.13246755301952362,,,1,color_features,,0.13254684209823608,all,2
25.392381807941213,inject,,,15,0.13246755301952362,,,1,mlp_swap_ceiling,,0.09883088618516922,all,2
0.0,inject,0,,15,0.13246755301952362,,,1,random_same_norm,,0.13246755301952362,all,2
0.2313451665159838,inject,1,,15,0.13246755301952362,,,1,random_same_norm,,0.13216109573841095,all,2
0.09993535249090968,inject,,,15,0.13246755301952362,,,7,occ_features,5,0.13233517110347748,all,2
-0.20556265549513952,inject,,,15,0.13246755301952362,,,7,color_features,,0.13273985683918,all,2
7.247101632926112,inject,,,15,0.13246755301952362,,,7,mlp_swap_ceiling,,0.12286749482154846,all,2
1.1021798483128897,inject,0,,15,0.13246755301952362,,,7,random_same_norm,,0.13100752234458923,all,2
0.27145879404667506,inject,1,,15,0.13246755301952362,,,7,random_same_norm,,0.1321079581975937,all,2
-0.5346721340888649,inject,,1113,15,0.13246755301952362,38.155999163393496,,1,single_feature_1113,,0.1331758201122284,all,2
0.16228808311418152,inject,,93,15,0.13246755301952362,31.892732724971566,,5,single_feature_93,,0.13225257396697998,all,2
0.1328834217666719,inject,,564,15,0.13246755301952362,30.82558867525743,,1,single_feature_564,,0.1322915256023407,all,2
-1.3486622756048394,inject,,,17,0.17233657836914062,,,-2,occ_features,29,0.1746608167886734,all,2
-1.3486622756048394,inject,,,17,0.17233657836914062,,,-2,occ_features_uncapped,29,0.1746608167886734,all,2
-1.3486622756048394,inject,,,17,0.17233657836914062,,,-2,occ_features_target_specific,29,0.1746608167886734,all,2
-0.08254857283573891,inject,,,17,0.17233657836914062,,,-2,color_features,34,0.1724788397550583,all,2
-0.503903396639882,inject,0,,17,0.17233657836914062,,,-2,random_same_norm,,0.17320498824119568,all,2
0.3515685525820711,inject,0,,17,0.17233657836914062,,,-2,random_raw,,0.17173069715499878,all,2
-0.2598027619142407,inject,1,,17,0.17233657836914062,,,-2,random_same_norm,,0.17278431355953217,all,2
0.4737615379507232,inject,1,,17,0.17233657836914062,,,-2,random_raw,,0.17152011394500732,all,2
-0.06746899694534125,inject,2,,17,0.17233657836914062,,,-2,random_same_norm,,0.17245285212993622,all,2
0.19727094262567135,inject,3,,17,0.17233657836914062,,,-2,random_same_norm,,0.171996608376503,all,2
0.2207722541337387,inject,4,,17,0.17233657836914062,,,-2,random_same_norm,,0.1719561070203781,all,2
-0.6109908664807318,inject,5,,17,0.17233657836914062,,,-2,random_same_norm,,0.17338953912258148,all,2
0.18701613929654748,inject,6,,17,0.17233657836914062,,,-2,random_same_norm,,0.1720142811536789,all,2
-0.23241050479225756,inject,7,,17,0.17233657836914062,,,-2,random_same_norm,,0.17273710668087006,all,2
-0.7357432294087696,inject,8,,17,0.17233657836914062,,,-2,random_same_norm,,0.17360453307628632,all,2
-0.5898414154326348,inject,9,,17,0.17233657836914062,,,-2,random_same_norm,,0.17335309088230133,all,2
-0.012753655067854197,inject,0,,17,0.17233657836914062,,,-2,random_same_norm_uncapped,,0.17235855758190155,all,2
-0.8456840593664916,inject,1,,17,0.17233657836914062,,,-2,random_same_norm_uncapped,,0.1737940013408661,all,2
-0.01323786163314189,inject,2,,17,0.17233657836914062,,,-2,random_same_norm_uncapped,,0.1723593920469284,all,2
47.951118828441466,inject,,,17,0.17233657836914062,,,-2,all_tc_features,36864,0.08969926089048386,all,2
93.22266176217295,inject,,,17,0.17233657836914062,,,-2,mlp_swap_ceiling,,0.011679832823574543,all,2
-1.3239590942293544,inject,,,17,0.17233657836914062,,,-2,occ_features,,0.17461824417114258,bowl,2
25.34861143391549,inject,,,17,0.17233657836914062,,,-2,mlp_swap_ceiling,,0.12865164875984192,bowl,2
-1.0162458219890702,inject,,,17,0.17233657836914062,,,-2,occ_features,,0.17408794164657593,nonbowl,2
82.6352501341944,inject,,,17,0.17233657836914062,,,-2,mlp_swap_ceiling,,0.029925815761089325,nonbowl,2
-0.6140603902428321,remove,,,17,0.17233657836914062,,,-2,occ_features,,0.1733948290348053,all,2
0.15712503043584514,remove,,,17,0.17233657836914062,,,-2,color_features,,0.17206579446792603,all,2
92.5786470352032,remove,,,17,0.17233657836914062,,,-2,mlp_swap_ceiling,,0.012789705768227577,all,2
-0.052017619585176256,inject,,,17,0.17233657836914062,,50,-2,topk_oracle_50,,0.1724262237548828,all,2
-0.07080656362750126,inject,,,17,0.17233657836914062,,100,-2,topk_oracle_100,,0.17245860397815704,all,2
1.9017818109878903,inject,,,17,0.17233657836914062,,200,-2,topk_oracle_200,,0.16905911266803741,all,2
6.858621712929147,inject,,,17,0.17233657836914062,,500,-2,topk_oracle_500,,0.1605166643857956,all,2
17.046267320760567,inject,,,17,0.17233657836914062,,1000,-2,topk_oracle_1000,,0.1429596245288849,all,2
23.895481591849833,inject,,,17,0.17233657836914062,,2000,-2,topk_oracle_2000,,0.13115592300891876,all,2
36.25695960472143,inject,,,17,0.17233657836914062,,5000,-2,topk_oracle_5000,,0.10985257476568222,all,2
0.02581858578479812,inject,,,17,0.17233657836914062,,100,-2,topk_discovery_100,,0.1722920835018158,all,2
3.2823066078978225,inject,,,17,0.17233657836914062,,500,-2,topk_discovery_500,,0.1666799634695053,all,2
4.078056865219026,inject,,,17,0.17233657836914062,,2000,-2,topk_discovery_2000,,0.16530859470367432,all,2
6.872577237864396,inject,,,17,0.17233657836914062,,5000,-2,topk_discovery_5000,,0.16049261391162872,all,2
-1.1936124161630923,inject,,,17,0.17233657836914062,,500,-2,random_k_500,,0.17439360916614532,all,2
3.8194040938973384,inject,,,17,0.17233657836914062,,2000,-2,random_k_2000,,0.16575434803962708,all,2
0.3902013192553788,inject,,,17,0.17233657836914062,,,5,occ_features,5,0.17166411876678467,all,2
0.08142452188060201,inject,,,17,0.17233657836914062,,,5,color_features,,0.17219625413417816,all,2
19.921589663988314,inject,,,17,0.17233657836914062,,,5,mlp_swap_ceiling,,0.1380043923854828,all,2
0.1345834855125405,inject,0,,17,0.17233657836914062,,,5,random_same_norm,,0.1721046417951584,all,2
-0.2707752285455056,inject,1,,17,0.17233657836914062,,,5,random_same_norm,,0.17280322313308716,all,2
-0.7611035482657069,inject,,,17,0.17233657836914062,,,1,occ_features,3,0.17364823818206787,all,2
-0.13451431314606133,inject,,,17,0.17233657836914062,,,1,color_features,,0.1725683957338333,all,2
33.262980713360776,inject,,,17,0.17233657836914062,,,1,mlp_swap_ceiling,,0.11501229554414749,all,2
-0.07755086935830047,inject,0,,17,0.17233657836914062,,,1,random_same_norm,,0.17247022688388824,all,2
-0.21187495849657179,inject,1,,17,0.17233657836914062,,,1,random_same_norm,,0.17270171642303467,all,2
-0.9486644199482086,inject,,,17,0.17233657836914062,,,7,occ_features,5,0.17397147417068481,all,2
0.10281607621134281,inject,,,17,0.17233657836914062,,,7,color_features,,0.17215938866138458,all,2
17.513405604621823,inject,,,17,0.17233657836914062,,,7,mlp_swap_ceiling,,0.14215457439422607,all,2
-0.2129990094517087,inject,0,,17,0.17233657836914062,,,7,random_same_norm,,0.17270365357398987,all,2
-0.4001880796644208,inject,1,,17,0.17233657836914062,,,7,random_same_norm,,0.17302624881267548,all,2
0.20793213360781326,inject,,1113,17,0.17233657836914062,38.155999163393496,,1,single_feature_1113,,0.17197823524475098,all,2
0.6367662195364887,inject,,93,17,0.17233657836914062,31.892732724971566,,5,single_feature_93,,0.1712391972541809,all,2
-0.20230323228633829,inject,,564,17,0.17233657836914062,30.82558867525743,,1,single_feature_564,,0.17268522083759308,all,2
-0.20354105821751567,inject,,,20,0.1125231683254242,,,-2,occ_features,29,0.11275219917297363,all,3
-0.20354105821751567,inject,,,20,0.1125231683254242,,,-2,occ_features_uncapped,29,0.11275219917297363,all,3
-0.20354105821751567,inject,,,20,0.1125231683254242,,,-2,occ_features_target_specific,29,0.11275219917297363,all,3
0.20246177414172672,inject,,,20,0.1125231683254242,,,-2,color_features,34,0.11229535192251205,all,3
0.7368994115186989,inject,0,,20,0.1125231683254242,,,-2,random_same_norm,,0.11169398576021194,all,3
0.28702335041029814,inject,0,,20,0.1125231683254242,,,-2,random_raw,,0.11220020055770874,all,3
-0.06724668143320844,inject,1,,20,0.1125231683254242,,,-2,random_same_norm,,0.11259883642196655,all,3
0.3085097113054158,inject,1,,20,0.1125231683254242,,,-2,random_raw,,0.11217602342367172,all,3
0.6950324593030466,inject,2,,20,0.1125231683254242,,,-2,random_same_norm,,0.1117410957813263,all,3
0.12085333098847961,inject,3,,20,0.1125231683254242,,,-2,random_same_norm,,0.11238718032836914,all,3
-0.021095699787920807,inject,4,,20,0.1125231683254242,,,-2,random_same_norm,,0.112546905875206,all,3
0.46569452526200594,inject,5,,20,0.1125231683254242,,,-2,random_same_norm,,0.11199915409088135,all,3
1.2425406903339264,inject,6,,20,0.1125231683254242,,,-2,random_same_norm,,0.11112502217292786,all,3
0.6548672003847789,inject,7,,20,0.1125231683254242,,,-2,random_same_norm,,0.11178629100322723,all,3
0.2821566400072473,inject,8,,20,0.1125231683254242,,,-2,random_same_norm,,0.11220567673444748,all,3
-0.1298517792031051,inject,9,,20,0.1125231683254242,,,-2,random_same_norm,,0.11266928166151047,all,3
0.24106438863126245,inject,0,,20,0.1125231683254242,,,-2,random_same_norm_uncapped,,0.11225191503763199,all,3
0.8228978260967468,inject,1,,20,0.1125231683254242,,,-2,random_same_norm_uncapped,,0.1115972176194191,all,3
-0.4086580036131604,inject,2,,20,0.1125231683254242,,,-2,random_same_norm_uncapped,,0.11298300325870514,all,3
41.84089048484619,inject,,,20,0.1125231683254242,,,-2,all_tc_features,36864,0.06544247269630432,all,3
64.82440379155807,inject,,,20,0.1125231683254242,,,-2,mlp_swap_ceiling,,0.03958069533109665,all,3
-0.23734979742566775,inject,,,20,0.1125231683254242,,,-2,occ_features,,0.11279024183750153,bowl,3
25.965939383698334,inject,,,20,0.1125231683254242,,,-2,mlp_swap_ceiling,,0.0833054706454277,bowl,3
0.8242684506592379,inject,,,20,0.1125231683254242,,,-2,occ_features,,0.11159567534923553,nonbowl,3
47.63121644452838,inject,,,20,0.1125231683254242,,,-2,mlp_swap_ceiling,,0.0589270144701004,nonbowl,3
1.2672251752081976,remove,,,20,0.1125231683254242,,,-2,occ_features,,0.11109724640846252,all,3
0.4133525582740605,remove,,,20,0.1125231683254242,,,-2,color_features,,0.11205805093050003,all,3
84.0492192604666,remove,,,20,0.1125231683254242,,,-2,mlp_swap_ceiling,,0.017948323860764503,all,3
-0.1508150514970774,inject,,,20,0.1125231683254242,,50,-2,topk_oracle_50,,0.11269287019968033,all,3
-0.1519539279451365,inject,,,20,0.1125231683254242,,100,-2,topk_oracle_100,,0.112694151699543,all,3
0.7330259073203504,inject,,,20,0.1125231683254242,,200,-2,topk_oracle_200,,0.11169834434986115,all,3
2.273621158311512,inject,,,20,0.1125231683254242,,500,-2,topk_oracle_500,,0.10996481776237488,all,3
1.8208118282118768,inject,,,20,0.1125231683254242,,1000,-2,topk_oracle_1000,,0.11047433316707611,all,3
4.017188029296137,inject,,,20,0.1125231683254242,,2000,-2,topk_oracle_2000,,0.10800290107727051,all,3
32.45900508283207,inject,,,20,0.1125231683254242,,5000,-2,topk_oracle_5000,,0.07599926739931107,all,3
-0.15374832048831166,inject,,,20,0.1125231683254242,,100,-2,topk_discovery_100,,0.11269617080688477,all,3
3.199580681583125,inject,,,20,0.1125231683254242,,500,-2,topk_discovery_500,,0.10892289876937866,all,3
-5.0514070288805835,inject,,,20,0.1125231683254242,,2000,-2,topk_discovery_2000,,0.1182071715593338,all,3
-54.706790961346805,inject,,,20,0.1125231683254242,,5000,-2,topk_discovery_5000,,0.1740809828042984,all,3
1.0753178723351242,inject,,,20,0.1125231683254242,,500,-2,random_k_500,,0.11131318658590317,all,3
4.6074703408763185,inject,,,20,0.1125231683254242,,2000,-2,random_k_2000,,0.10733869671821594,all,3
-0.20687823106531056,inject,,,20,0.1125231683254242,,,5,occ_features,5,0.11275595426559448,all,3
0.03860923586422871,inject,,,20,0.1125231683254242,,,5,color_features,,0.11247972398996353,all,3
8.70029433334808,inject,,,20,0.1125231683254242,,,5,mlp_swap_ceiling,,0.1027333214879036,all,3
0.3400870472403339,inject,0,,20,0.1125231683254242,,,5,random_same_norm,,0.11214049160480499,all,3
0.3809276863777966,inject,1,,20,0.1125231683254242,,,5,random_same_norm,,0.11209453642368317,all,3
0.029789564766447008,inject,,,20,0.1125231683254242,,,1,occ_features,3,0.11248964816331863,all,3
-0.05862565157637167,inject,,,20,0.1125231683254242,,,1,color_features,,0.11258913576602936,all,3
5.705029410822138,inject,,,20,0.1125231683254242,,,1,mlp_swap_ceiling,,0.10610368847846985,all,3
0.0,inject,0,,20,0.1125231683254242,,,1,random_same_norm,,0.1125231683254242,all,3
0.7178497165124642,inject,1,,20,0.1125231683254242,,,1,random_same_norm,,0.1117154210805893,all,3
0.3779679318877682,inject,,,20,0.1125231683254242,,,7,occ_features,5,0.11209786683320999,all,3
-0.0021254612780685633,inject,,,20,0.1125231683254242,,,7,color_features,,0.1125255599617958,all,3
13.467756951052944,inject,,,20,0.1125231683254242,,,7,mlp_swap_ceiling,,0.09736882150173187,all,3
0.539079221040295,inject,0,,20,0.1125231683254242,,,7,random_same_norm,,0.11191657930612564,all,3
0.03852315799315331,inject,1,,20,0.1125231683254242,,,7,random_same_norm,,0.11247982084751129,all,3
0.18161768659232802,inject,,1113,20,0.1125231683254242,38.155999163393496,,1,single_feature_1113,,0.11231880635023117,all,3
0.11390088755555139,inject,,93,20,0.1125231683254242,31.892732724971566,,5,single_feature_93,,0.11239500343799591,all,3
0.21765782907371412,inject,,564,20,0.1125231683254242,30.82558867525743,,1,single_feature_564,,0.11227825284004211,all,3
7.106010819993658,inject,,,21,0.3580853044986725,,,-2,occ_features,29,0.3326397240161896,all,3
7.106010819993658,inject,,,21,0.3580853044986725,,,-2,occ_features_uncapped,29,0.3326397240161896,all,3
7.106010819993658,inject,,,21,0.3580853044986725,,,-2,occ_features_target_specific,29,0.3326397240161896,all,3
0.33628652817325744,inject,,,21,0.3580853044986725,,,-2,color_features,34,0.35688111186027527,all,3
-0.04742267577912962,inject,0,,21,0.3580853044986725,,,-2,random_same_norm,,0.3582551181316376,all,3
0.5064938188645174,inject,0,,21,0.3580853044986725,,,-2,random_raw,,0.3562716245651245,all,3
0.47996108976943175,inject,1,,21,0.3580853044986725,,,-2,random_same_norm,,0.3563666343688965,all,3
0.6311343931832525,inject,1,,21,0.3580853044986725,,,-2,random_raw,,0.3558253049850464,all,3
0.4770980851242834,inject,2,,21,0.3580853044986725,,,-2,random_same_norm,,0.35637688636779785,all,3
0.9191493314093524,inject,3,,21,0.3580853044986725,,,-2,random_same_norm,,0.3547939658164978,all,3
0.1140790833458083,inject,4,,21,0.3580853044986725,,,-2,random_same_norm,,0.35767680406570435,all,3
-0.07347268897475168,inject,5,,21,0.3580853044986725,,,-2,random_same_norm,,0.35834839940071106,all,3
0.44458134341333055,inject,6,,21,0.3580853044986725,,,-2,random_same_norm,,0.3564933240413666,all,3
-0.12564761955728976,inject,7,,21,0.3580853044986725,,,-2,random_same_norm,,0.3585352301597595,all,3
-0.03482212626533254,inject,8,,21,0.3580853044986725,,,-2,random_same_norm,,0.3582099974155426,all,3
0.20299035841572222,inject,9,,21,0.3580853044986725,,,-2,random_same_norm,,0.3573584258556366,all,3
0.323619397156083,inject,0,,21,0.3580853044986725,,,-2,random_same_norm_uncapped,,0.35692647099494934,all,3
-0.15555935994868708,inject,1,,21,0.3580853044986725,,,-2,random_same_norm_uncapped,,0.3586423397064209,all,3
0.37332248942582025,inject,2,,21,0.3580853044986725,,,-2,random_same_norm_uncapped,,0.35674849152565,all,3
71.03302201209469,inject,,,21,0.3580853044986725,,,-2,all_tc_features,36864,0.10372649133205414,all,3
96.09380858392045,inject,,,21,0.3580853044986725,,,-2,mlp_swap_ceiling,,0.013987497426569462,all,3
7.327169606142947,inject,,,21,0.3580853044986725,,,-2,occ_features,,0.33184778690338135,bowl,3
40.21014287641582,inject,,,21,0.3580853044986725,,,-2,mlp_swap_ceiling,,0.21409869194030762,bowl,3
0.4062220747811818,inject,,,21,0.3580853044986725,,,-2,occ_features,,0.35663068294525146,nonbowl,3
87.65100893032736,inject,,,21,0.3580853044986725,,,-2,mlp_swap_ceiling,,0.04421992227435112,nonbowl,3
0.052724227985390115,remove,,,21,0.3580853044986725,,,-2,occ_features,,0.35789650678634644,all,3
0.13392869403959784,remove,,,21,0.3580853044986725,,,-2,color_features,,0.3576057255268097,all,3
66.8548641408585,remove,,,21,0.3580853044986725,,,-2,mlp_swap_ceiling,,0.11868786066770554,all,3
-0.031776022485896505,inject,,,21,0.3580853044986725,,50,-2,topk_oracle_50,,0.3581990897655487,all,3
-0.017810552152908166,inject,,,21,0.3580853044986725,,100,-2,topk_oracle_100,,0.35814908146858215,all,3
1.7195505515486875,inject,,,21,0.3580853044986725,,200,-2,topk_oracle_200,,0.35192784667015076,all,3
13.219324715411929,inject,,,21,0.3580853044986725,,500,-2,topk_oracle_500,,0.3107488453388214,all,3
35.50463661105474,inject,,,21,0.3580853044986725,,1000,-2,topk_oracle_1000,,0.23094841837882996,all,3
56.15855602696185,inject,,,21,0.3580853044986725,,2000,-2,topk_oracle_2000,,0.15698976814746857,all,3
64.7284860389823,inject,,,21,0.3580853044986725,,5000,-2,topk_oracle_5000,,0.126302108168602,all,3
-0.02590852750095074,inject,,,21,0.3580853044986725,,100,-2,topk_discovery_100,,0.3581780791282654,all,3
2.053165496899012,inject,,,21,0.3580853044986725,,500,-2,topk_discovery_500,,0.35073322057724,all,3
28.53675744250126,inject,,,21,0.3580853044986725,,2000,-2,topk_discovery_2000,,0.2558993697166443,all,3
38.26665792229589,inject,,,21,0.3580853044986725,,5000,-2,topk_discovery_5000,,0.22105802595615387,all,3
2.2480662026546194,inject,,,21,0.3580853044986725,,500,-2,random_k_500,,0.35003530979156494,all,3
6.620656628450828,inject,,,21,0.3580853044986725,,2000,-2,random_k_2000,,0.3343777060508728,all,3
2.148035816521021,inject,,,21,0.3580853044986725,,,5,occ_features,5,0.35039350390434265,all,3
0.27622168944073655,inject,,,21,0.3580853044986725,,,5,color_features,,0.35709619522094727,all,3
40.89274893305222,inject,,,21,0.3580853044986725,,,5,mlp_swap_ceiling,,0.21165437996387482,all,3
0.511246073667937,inject,0,,21,0.3580853044986725,,,5,random_same_norm,,0.35625460743904114,all,3
0.4357842622798591,inject,1,,21,0.3580853044986725,,,5,random_same_norm,,0.35652482509613037,all,3
0.411457045484076,inject,,,21,0.3580853044986725,,,1,occ_features,3,0.3566119372844696,all,3
0.8565710409244032,inject,,,21,0.3580853044986725,,,1,color_features,,0.3550180494785309,all,3
31.20888956284166,inject,,,21,0.3580853044986725,,,1,mlp_swap_ceiling,,0.2463308572769165,all,3
0.438405908975259,inject,0,,21,0.3580853044986725,,,1,random_same_norm,,0.35651543736457825,all,3
0.0,inject,1,,21,0.3580853044986725,,,1,random_same_norm,,0.3580853044986725,all,3
0.30162253297844055,inject,,,21,0.3580853044986725,,,7,occ_features,5,0.35700523853302,all,3
0.32426024412607335,inject,,,21,0.3580853044986725,,,7,color_features,,0.3569241762161255,all,3
46.12094080662992,inject,,,21,0.3580853044986725,,,7,mlp_swap_ceiling,,0.19293299317359924,all,3
0.6383418409236397,inject,0,,21,0.3580853044986725,,,7,random_same_norm,,0.35579949617385864,all,3
0.0,inject,1,,21,0.3580853044986725,,,7,random_same_norm,,0.3580853044986725,all,3
0.0,inject,,1113,21,0.3580853044986725,38.155999163393496,,1,single_feature_1113,,0.3580853044986725,all,3
0.5381283556557537,inject,,93,21,0.3580853044986725,31.892732724971566,,5,single_feature_93,,0.3561583459377289,all,3
0.7645304351958537,inject,,564,21,0.3580853044986725,30.82558867525743,,1,single_feature_564,,0.3553476333618164,all,3
0.10107545095634496,inject,,,22,0.13881643116474152,,,-2,occ_features,29,0.13867612183094025,all,3
0.10107545095634496,inject,,,22,0.13881643116474152,,,-2,occ_features_uncapped,29,0.13867612183094025,all,3
0.10107545095634496,inject,,,22,0.13881643116474152,,,-2,occ_features_target_specific,29,0.13867612183094025,all,3
0.2653015898880784,inject,,,22,0.13881643116474152,,,-2,color_features,34,0.13844814896583557,all,3
0.5013089034741292,inject,0,,22,0.13881643116474152,,,-2,random_same_norm,,0.13812053203582764,all,3
-0.6994343918238721,inject,0,,22,0.13881643116474152,,,-2,random_raw,,0.13978736102581024,all,3
-0.0655337328046457,inject,1,,22,0.13881643116474152,,,-2,random_same_norm,,0.13890740275382996,all,3
-0.330405945246004,inject,1,,22,0.13881643116474152,,,-2,random_raw,,0.13927508890628815,all,3
0.3042675931773209,inject,2,,22,0.13881643116474152,,,-2,random_same_norm,,0.1383940577507019,all,3
0.04050102766124386,inject,3,,22,0.13881643116474152,,,-2,random_same_norm,,0.13876020908355713,all,3
-0.13803411468220617,inject,4,,22,0.13881643116474152,,,-2,random_same_norm,,0.1390080451965332,all,3
0.02325078873953723,inject,5,,22,0.13881643116474152,,,-2,random_same_norm,,0.13878415524959564,all,3
0.3486115489866548,inject,6,,22,0.13881643116474152,,,-2,random_same_norm,,0.13833250105381012,all,3
0.05313545903079531,inject,7,,22,0.13881643116474152,,,-2,random_same_norm,,0.13874267041683197,all,3
0.04368915520309713,inject,8,,22,0.13881643116474152,,,-2,random_same_norm,,0.13875578343868256,all,3
-0.4490644026452717,inject,9,,22,0.13881643116474152,,,-2,random_same_norm,,0.13943980634212494,all,3
-0.04147786135251241,inject,0,,22,0.13881643116474152,,,-2,random_same_norm_uncapped,,0.13887400925159454,all,3
0.4955123079434909,inject,1,,22,0.13881643116474152,,,-2,random_same_norm_uncapped,,0.13812857866287231,all,3
-0.4443734540399147,inject,2,,22,0.13881643116474152,,,-2,random_same_norm_uncapped,,0.13943329453468323,all,3
46.43914063109682,inject,,,22,0.13881643116474152,,,-2,all_tc_features,36864,0.07435127347707748,all,3
79.99240109263678,inject,,,22,0.13881643116474152,,,-2,mlp_swap_ceiling,,0.027773834764957428,all,3
-0.36777251754624984,inject,,,22,0.13881643116474152,,,-2,occ_features,,0.13932695984840393,bowl,3
31.34256237217299,inject,,,22,0.13881643116474152,,,-2,mlp_swap_ceiling,,0.09530780464410782,bowl,3
0.30276477211382824,inject,,,22,0.13881643116474152,,,-2,occ_features,,0.13839614391326904,nonbowl,3
-6.390478211617179,inject,,,22,0.13881643116474152,,,-2,mlp_swap_ceiling,,0.14768746495246887,nonbowl,3
0.7043185602802482,remove,,,22,0.13881643116474152,,,-2,occ_features,,0.1378387212753296,all,3
-0.5418850721885526,remove,,,22,0.13881643116474152,,,-2,color_features,,0.13956865668296814,all,3
90.42383633076362,remove,,,22,0.13881643116474152,,,-2,mlp_swap_ceiling,,0.01329328864812851,all,3
0.05443432580709562,inject,,,22,0.13881643116474152,,50,-2,topk_oracle_50,,0.13874086737632751,all,3
0.10835339867814042,inject,,,22,0.13881643116474152,,100,-2,topk_oracle_100,,0.13866601884365082,all,3
-0.030464329844326343,inject,,,22,0.13881643116474152,,200,-2,topk_oracle_200,,0.13885872066020966,all,3
3.432185682559319,inject,,,22,0.13881643116474152,,500,-2,topk_oracle_500,,0.13405199348926544,all,3
-0.9861619163029633,inject,,,22,0.13881643116474152,,1000,-2,topk_oracle_1000,,0.1401853859424591,all,3
4.190144220370251,inject,,,22,0.13881643116474152,,2000,-2,topk_oracle_2000,,0.13299982249736786,all,3
29.03947299070945,inject,,,22,0.13881643116474152,,5000,-2,topk_oracle_5000,,0.09850487112998962,all,3
-0.36946855846076154,inject,,,22,0.13881643116474152,,100,-2,topk_discovery_100,,0.13932931423187256,all,3
-0.4087136570903649,inject,,,22,0.13881643116474152,,500,-2,topk_discovery_500,,0.13938379287719727,all,3
-1.0856486707064628,inject,,,22,0.13881643116474152,,2000,-2,topk_discovery_2000,,0.1403234899044037,all,3
5.758402406746466,inject,,,22,0.13881643116474152,,5000,-2,topk_discovery_5000,,0.1308228224515915,all,3
1.7987694686443345,inject,,,22,0.13881643116474152,,500,-2,random_k_500,,0.13631944358348846,all,3
2.6572345322947166,inject,,,22,0.13881643116474152,,2000,-2,random_k_2000,,0.13512775301933289,all,3
-0.8144324064899067,inject,,,22,0.13881643116474152,,,5,occ_features,5,0.13994699716567993,all,3
-0.4209723831940293,inject,,,22,0.13881643116474152,,,5,color_features,,0.13940081000328064,all,3
9.939175464342187,inject,,,22,0.13881643116474152,,,5,mlp_swap_ceiling,,0.12501922249794006,all,3
0.0,inject,0,,22,0.13881643116474152,,,5,random_same_norm,,0.13881643116474152,all,3
0.0,inject,1,,22,0.13881643116474152,,,5,random_same_norm,,0.13881643116474152,all,3
0.09547207527673685,inject,,,22,0.13881643116474152,,,1,occ_features,3,0.13868390023708344,all,3
-0.10878277612484943,inject,,,22,0.13881643116474152,,,1,color_features,,0.13896743953227997,all,3
6.446157732019742,inject,,,22,0.13881643116474152,,,1,mlp_swap_ceiling,,0.12986810505390167,all,3
0.0,inject,0,,22,0.13881643116474152,,,1,random_same_norm,,0.13881643116474152,all,3
-0.38524817962748426,inject,1,,22,0.13881643116474152,,,1,random_same_norm,,0.13935121893882751,all,3
0.24552875846691746,inject,,,22,0.13881643116474152,,,7,occ_features,5,0.13847559690475464,all,3
0.05534675288136892,inject,,,22,0.13881643116474152,,,7,color_features,,0.13873960077762604,all,3
16.97518509656645,inject,,,22,0.13881643116474152,,,7,mlp_swap_ceiling,,0.11525208503007889,all,3
0.3025608178266359,inject,0,,22,0.13881643116474152,,,7,random_same_norm,,0.13839642703533173,all,3
-0.09389411316005347,inject,1,,22,0.13881643116474152,,,7,random_same_norm,,0.1389467716217041,all,3
-0.08891333477818453,inject,,1113,22,0.13881643116474152,38.155999163393496,,1,single_feature_1113,,0.13893985748291016,all,3
-0.3760487678316382,inject,,93,22,0.13881643116474152,31.892732724971566,,5,single_feature_93,,0.1393384486436844,all,3
0.2991257982529305,inject,,564,22,0.13881643116474152,30.82558867525743,,1,single_feature_564,,0.13840119540691376,all,3
1.6238429294896162,inject,,,23,0.3326510488986969,,,-2,occ_features,29,0.32724931836128235,all,3
1.6238429294896162,inject,,,23,0.3326510488986969,,,-2,occ_features_uncapped,29,0.32724931836128235,all,3
1.6238429294896162,inject,,,23,0.3326510488986969,,,-2,occ_features_target_specific,29,0.32724931836128235,all,3
0.4974951883265244,inject,,,23,0.3326510488986969,,,-2,color_features,34,0.3309961259365082,all,3
-0.09643504785064039,inject,0,,23,0.3326510488986969,,,-2,random_same_norm,,0.33297184109687805,all,3
-0.14876476863248111,inject,0,,23,0.3326510488986969,,,-2,random_raw,,0.3331459164619446,all,3
-0.1555557168181787,inject,1,,23,0.3326510488986969,,,-2,random_same_norm,,0.33316850662231445,all,3
0.04878194310170558,inject,1,,23,0.3326510488986969,,,-2,random_raw,,0.3324887752532959,all,3
0.409141189636153,inject,2,,23,0.3326510488986969,,,-2,random_same_norm,,0.33129003643989563,all,3
-0.5509716655302199,inject,3,,23,0.3326510488986969,,,-2,random_same_norm,,0.3344838619232178,all,3
0.17672591544982685,inject,4,,23,0.3326510488986969,,,-2,random_same_norm,,0.3320631682872772,all,3
0.07832883903365895,inject,5,,23,0.3326510488986969,,,-2,random_same_norm,,0.3323904871940613,all,3
0.006513218114778674,inject,6,,23,0.3326510488986969,,,-2,random_same_norm,,0.33262938261032104,all,3
-0.2448504141358443,inject,7,,23,0.3326510488986969,,,-2,random_same_norm,,0.3334655463695526,all,3
-0.08661594598848854,inject,8,,23,0.3326510488986969,,,-2,random_same_norm,,0.33293917775154114,all,3
0.14252928058863246,inject,9,,23,0.3326510488986969,,,-2,random_same_norm,,0.33217692375183105,all,3
0.05172946546726509,inject,0,,23,0.3326510488986969,,,-2,random_same_norm_uncapped,,0.33247897028923035,all,3
0.10559118115642807,inject,1,,23,0.3326510488986969,,,-2,random_same_norm_uncapped,,0.3322997987270355,all,3
-0.1531905316980886,inject,2,,23,0.3326510488986969,,,-2,random_same_norm_uncapped,,0.3331606388092041,all,3
51.294414749724446,inject,,,23,0.3326510488986969,,,-2,all_tc_features,36864,0.16201964020729065,all,3
92.74302971434028,inject,,,23,0.3326510488986969,,,-2,mlp_swap_ceiling,,0.024140387773513794,all,3
1.1405298928490515,inject,,,23,0.3326510488986969,,,-2,occ_features,,0.32885706424713135,bowl,3
33.65994837625114,inject,,,23,0.3326510488986969,,,-2,mlp_swap_ceiling,,0.22068087756633759,bowl,3
0.2422074989448464,inject,,,23,0.3326510488986969,,,-2,occ_features,,0.33184534311294556,nonbowl,3
83.53835299975802,inject,,,23,0.3326510488986969,,,-2,mlp_swap_ceiling,,0.05475984141230583,nonbowl,3
-0.11505192163676625,remove,,,23,0.3326510488986969,,,-2,occ_features,,0.3330337703227997,all,3
-0.03674995970674999,remove,,,23,0.3326510488986969,,,-2,color_features,,0.3327732980251312,all,3
91.37522759307384,remove,,,23,0.3326510488986969,,,-2,mlp_swap_ceiling,,0.02869039587676525,all,3
-0.10964962380566323,inject,,,23,0.3326510488986969,,50,-2,topk_oracle_50,,0.3330157995223999,all,3
-0.08583650998301717,inject,,,23,0.3326510488986969,,100,-2,topk_oracle_100,,0.3329365849494934,all,3
-1.1604995808515595,inject,,,23,0.3326510488986969,,200,-2,topk_oracle_200,,0.3365114629268646,all,3
20.17177694476675,inject,,,23,0.3326510488986969,,500,-2,topk_oracle_500,,0.2655494213104248,all,3
30.75970731550862,inject,,,23,0.3326510488986969,,1000,-2,topk_oracle_1000,,0.23032855987548828,all,3
39.31059064495821,inject,,,23,0.3326510488986969,,2000,-2,topk_oracle_2000,,0.2018839567899704,all,3
44.96065953545435,inject,,,23,0.3326510488986969,,5000,-2,topk_oracle_5000,,0.18308894336223602,all,3
-0.33155595046980846,inject,,,23,0.3326510488986969,,100,-2,topk_discovery_100,,0.3337539732456207,all,3
0.6730564292854013,inject,,,23,0.3326510488986969,,500,-2,topk_discovery_500,,0.3304121196269989,all,3
23.717511965014616,inject,,,23,0.3326510488986969,,2000,-2,topk_discovery_2000,,0.25375449657440186,all,3
29.832648818298868,inject,,,23,0.3326510488986969,,5000,-2,topk_discovery_5000,,0.23341242969036102,all,3
0.9709980821394737,inject,,,23,0.3326510488986969,,500,-2,random_k_500,,0.3294210135936737,all,3
3.3242139320691977,inject,,,23,0.3326510488986969,,2000,-2,random_k_2000,,0.3215930163860321,all,3
0.44159081276092804,inject,,,23,0.3326510488986969,,,5,occ_features,5,0.3311820924282074,all,3
0.22660981980067163,inject,,,23,0.3326510488986969,,,5,color_features,,0.33189722895622253,all,3
27.890773600986286,inject,,,23,0.3326510488986969,,,5,mlp_swap_ceiling,,0.23987209796905518,all,3
0.0,inject,0,,23,0.3326510488986969,,,5,random_same_norm,,0.3326510488986969,all,3
0.24818317498688236,inject,1,,23,0.3326510488986969,,,5,random_same_norm,,0.33182546496391296,all,3
-0.6794442209165252,inject,,,23,0.3326510488986969,,,1,occ_features,3,0.3349112272262573,all,3
0.13260267031192097,inject,,,23,0.3326510488986969,,,1,color_features,,0.3322099447250366,all,3
28.44041037036917,inject,,,23,0.3326510488986969,,,1,mlp_swap_ceiling,,0.23804372549057007,all,3
0.0,inject,0,,23,0.3326510488986969,,,1,random_same_norm,,0.3326510488986969,all,3
0.0,inject,1,,23,0.3326510488986969,,,1,random_same_norm,,0.3326510488986969,all,3
0.1491679251870437,inject,,,23,0.3326510488986969,,,7,occ_features,5,0.3321548402309418,all,3
0.15540341323090345,inject,,,23,0.3326510488986969,,,7,color_features,,0.33213409781455994,all,3
10.017159238865514,inject,,,23,0.3326510488986969,,,7,mlp_swap_ceiling,,0.29932886362075806,all,3
-0.09288727017051635,inject,0,,23,0.3326510488986969,,,7,random_same_norm,,0.3329600393772125,all,3
-0.04534167383614118,inject,1,,23,0.3326510488986969,,,7,random_same_norm,,0.332801878452301,all,3
0.09046833084317418,inject,,1113,23,0.3326510488986969,38.155999163393496,,1,single_feature_1113,,0.33235010504722595,all,3
0.2324690283936004,inject,,93,23,0.3326510488986969,31.892732724971566,,5,single_feature_93,,0.331877738237381,all,3
-0.2772642011224402,inject,,564,23,0.3326510488986969,30.82558867525743,,1,single_feature_564,,0.3335733711719513,all,3
0.9974917838994513,inject,,,26,0.12587663531303406,,,-2,occ_features,29,0.12462102621793747,all,4
0.9974917838994513,inject,,,26,0.12587663531303406,,,-2,occ_features_uncapped,29,0.12462102621793747,all,4
0.9974917838994513,inject,,,26,0.12587663531303406,,,-2,occ_features_target_specific,29,0.12462102621793747,all,4
-0.7031717782362001,inject,,,26,0.12587663531303406,,,-2,color_features,34,0.1267617642879486,all,4
0.01926027749478143,inject,0,,26,0.12587663531303406,,,-2,random_same_norm,,0.12585239112377167,all,4
0.1883648036244856,inject,0,,26,0.12587663531303406,,,-2,random_raw,,0.12563952803611755,all,4
0.25187518393150476,inject,1,,26,0.12587663531303406,,,-2,random_same_norm,,0.12555958330631256,all,4
0.44304557192370586,inject,1,,26,0.12587663531303406,,,-2,random_raw,,0.12531894445419312,all,4
-0.16532823324657553,inject,2,,26,0.12587663531303406,,,-2,random_same_norm,,0.12608474493026733,all,4
-0.2826774224326867,inject,3,,26,0.12587663531303406,,,-2,random_same_norm,,0.12623246014118195,all,4
-0.1714010804222621,inject,4,,26,0.12587663531303406,,,-2,random_same_norm,,0.12609238922595978,all,4
-0.7386973423184617,inject,5,,26,0.12587663531303406,,,-2,random_same_norm,,0.12680648267269135,all,4
0.4905747754526235,inject,6,,26,0.12587663531303406,,,-2,random_same_norm,,0.12525911629199982,all,4
0.043823938098153103,inject,7,,26,0.12587663531303406,,,-2,random_same_norm,,0.12582147121429443,all,4
-0.31278122431914746,inject,8,,26,0.12587663531303406,,,-2,random_same_norm,,0.1262703537940979,all,4
-0.547278358243064,inject,9,,26,0.12587663531303406,,,-2,random_same_norm,,0.12656553089618683,all,4
-0.31873569240756794,inject,0,,26,0.12587663531303406,,,-2,random_same_norm_uncapped,,0.1262778490781784,all,4
-0.19122957753581193,inject,1,,26,0.12587663531303406,,,-2,random_same_norm_uncapped,,0.12611734867095947,all,4
-0.19391678281628355,inject,2,,26,0.12587663531303406,,,-2,random_same_norm_uncapped,,0.12612073123455048,all,4
62.886800708096345,inject,,,26,0.12587663531303406,,,-2,all_tc_features,36864,0.0467168465256691,all,4
94.89747290835399,inject,,,26,0.12587663531303406,,,-2,mlp_swap_ceiling,,0.006422889418900013,all,4
0.4061941620642884,inject,,,26,0.12587663531303406,,,-2,occ_features,,0.12536533176898956,bowl,4
2.168083388123121,inject,,,26,0.12587663531303406,,,-2,mlp_swap_ceiling,,0.12314752489328384,bowl,4
0.3136809053821965,inject,,,26,0.12587663531303406,,,-2,occ_features,,0.12548178434371948,nonbowl,4
91.94524126723392,inject,,,26,0.12587663531303406,,,-2,mlp_swap_ceiling,,0.010139059275388718,nonbowl,4
-0.40904709806688366,remove,,,26,0.12587663531303406,,,-2,occ_features,,0.12639153003692627,all,4
-0.5507823792255229,remove,,,26,0.12587663531303406,,,-2,color_features,,0.1265699416399002,all,4
92.41011372323774,remove,,,26,0.12587663531303406,,,-2,mlp_swap_ceiling,,0.009553893469274044,all,4
0.027452110332149005,inject,,,26,0.12587663531303406,,50,-2,topk_oracle_50,,0.12584207952022552,all,4
-0.13749730983523278,inject,,,26,0.12587663531303406,,100,-2,topk_oracle_100,,0.1260497123003006,all,4
-1.5974192411947863,inject,,,26,0.12587663531303406,,200,-2,topk_oracle_200,,0.12788741290569305,all,4
-1.2974703099330132,inject,,,26,0.12587663531303406,,500,-2,topk_oracle_500,,0.12750984728336334,all,4
-2.4752120110262954,inject,,,26,0.12587663531303406,,1000,-2,topk_oracle_1000,,0.12899234890937805,all,4
2.7662588349272266,inject,,,26,0.12587663531303406,,2000,-2,topk_oracle_2000,,0.12239456176757812,all,4
57.39898002210848,inject,,,26,0.12587663531303406,,5000,-2,topk_oracle_5000,,0.05362473055720329,all,4
0.021971158592704043,inject,,,26,0.12587663531303406,,100,-2,topk_discovery_100,,0.12584897875785828,all,4
-4.444164017539998,inject,,,26,0.12587663531303406,,500,-2,topk_discovery_500,,0.13147079944610596,all,4
-1.7036407961798616,inject,,,26,0.12587663531303406,,2000,-2,topk_discovery_2000,,0.12802112102508545,all,4
-0.29433776252634214,inject,,,26,0.12587663531303406,,5000,-2,topk_discovery_5000,,0.12624713778495789,all,4
6.995996892785716,inject,,,26,0.12587663531303406,,500,-2,random_k_500,,0.11707030981779099,all,4
-1.1611094393353394,inject,,,26,0.12587663531303406,,2000,-2,random_k_2000,,0.1273382008075714,all,4
-0.22506232067047716,inject,,,26,0.12587663531303406,,,5,occ_features,5,0.1261599361896515,all,4
-0.4670883645431889,inject,,,26,0.12587663531303406,,,5,color_features,,0.1264645904302597,all,4
5.178564198991453,inject,,,26,0.12587663531303406,,,5,mlp_swap_ceiling,,0.11935803294181824,all,4
-0.6027271227086795,inject,0,,26,0.12587663531303406,,,5,random_same_norm,,0.1266353279352188,all,4
-0.9572843269166409,inject,1,,26,0.12587663531303406,,,5,random_same_norm,,0.12708163261413574,all,4
-0.15829651546421797,inject,,,26,0.12587663531303406,,,1,occ_features,3,0.1260758936405182,all,4
0.4117106275299043,inject,,,26,0.12587663531303406,,,1,color_features,,0.12535838782787323,all,4
0.20011984698792284,inject,,,26,0.12587663531303406,,,1,mlp_swap_ceiling,,0.12562473118305206,all,4
0.0,inject,0,,26,0.12587663531303406,,,1,random_same_norm,,0.12587663531303406,all,4
0.3302539775965174,inject,1,,26,0.12587663531303406,,,1,random_same_norm,,0.1254609227180481,all,4
-0.2398478686673977,inject,,,26,0.12587663531303406,,,7,occ_features,5,0.1261785477399826,all,4
-0.6105993320104863,inject,,,26,0.12587663531303406,,,7,color_features,,0.12664523720741272,all,4
4.199823662511637,inject,,,26,0.12587663531303406,,,7,mlp_swap_ceiling,,0.12059003859758377,all,4
-0.70971814176084,inject,0,,26,0.12587663531303406,,,7,random_same_norm,,0.1267700046300888,all,4
0.0,inject,1,,26,0.12587663531303406,,,7,random_same_norm,,0.12587663531303406,all,4
-0.69876807619067,inject,,1113,26,0.12587663531303406,38.155999163393496,,1,single_feature_1113,,0.1267562210559845,all,4
-0.3935512755464998,inject,,93,26,0.12587663531303406,31.892732724971566,,5,single_feature_93,,0.12637202441692352,all,4
0.5230106453578021,inject,,564,26,0.12587663531303406,30.82558867525743,,1,single_feature_564,,0.12521828711032867,all,4
0.6323272649893741,inject,,,28,0.7251978516578674,,,-2,occ_features,29,0.7206122279167175,all,4
0.6323272649893741,inject,,,28,0.7251978516578674,,,-2,occ_features_uncapped,29,0.7206122279167175,all,4
0.6323272649893741,inject,,,28,0.7251978516578674,,,-2,occ_features_target_specific,29,0.7206122279167175,all,4
0.07458821756022305,inject,,,28,0.7251978516578674,,,-2,color_features,34,0.7246569395065308,all,4
0.03779136356384383,inject,0,,28,0.7251978516578674,,,-2,random_same_norm,,0.7249237895011902,all,4
0.5031314311789936,inject,0,,28,0.7251978516578674,,,-2,random_raw,,0.7215491533279419,all,4
0.06581845137435538,inject,1,,28,0.7251978516578674,,,-2,random_same_norm,,0.7247205376625061,all,4
0.07267317021130149,inject,1,,28,0.7251978516578674,,,-2,random_raw,,0.7246708273887634,all,4
0.4247213380082382,inject,2,,28,0.7251978516578674,,,-2,random_same_norm,,0.7221177816390991,all,4
0.4371485980579459,inject,3,,28,0.7251978516578674,,,-2,random_same_norm,,0.7220276594161987,all,4
0.43580066773509785,inject,4,,28,0.7251978516578674,,,-2,random_same_norm,,0.7220374345779419,all,4
0.09052502790174444,inject,5,,28,0.7251978516578674,,,-2,random_same_norm,,0.7245413661003113,all,4
0.8109033755052009,inject,6,,28,0.7251978516578674,,,-2,random_same_norm,,0.7193171977996826,all,4
0.1617762960041791,inject,7,,28,0.7251978516578674,,,-2,random_same_norm,,0.7240246534347534,all,4
0.13370811275700278,inject,8,,28,0.7251978516578674,,,-2,random_same_norm,,0.7242282032966614,all,4
0.3495906606839405,inject,9,,28,0.7251978516578674,,,-2,random_same_norm,,0.722662627696991,all,4
0.26635596324785515,inject,0,,28,0.7251978516578674,,,-2,random_same_norm_uncapped,,0.7232662439346313,all,4
0.1543051456171618,inject,1,,28,0.7251978516578674,,,-2,random_same_norm_uncapped,,0.7240788340568542,all,4
-0.6677186550515524,inject,2,,28,0.7251978516578674,,,-2,random_same_norm_uncapped,,0.7300401329994202,all,4
88.47626730313087,inject,,,28,0.7251978516578674,,,-2,all_tc_features,36864,0.08356986194849014,all,4
97.73047651350589,inject,,,28,0.7251978516578674,,,-2,mlp_swap_ceiling,,0.016458535566926003,all,4
0.6954991702420421,inject,,,28,0.7251978516578674,,,-2,occ_features,,0.7201541066169739,bowl,4
85.67427152790614,inject,,,28,0.7251978516578674,,,-2,mlp_swap_ceiling,,0.10388987511396408,bowl,4
0.1721487842202718,inject,,,28,0.7251978516578674,,,-2,occ_features,,0.7239494323730469,nonbowl,4
88.6121288167695,inject,,,28,0.7251978516578674,,,-2,mlp_swap_ceiling,,0.08258459717035294,nonbowl,4
-0.008531412653178805,remove,,,28,0.7251978516578674,,,-2,occ_features,,0.7252597212791443,all,4
0.039780382698784145,remove,,,28,0.7251978516578674,,,-2,color_features,,0.7249093651771545,all,4
93.70398852171577,remove,,,28,0.7251978516578674,,,-2,mlp_swap_ceiling,,0.04565853998064995,all,4
0.015139558870080894,inject,,,28,0.7251978516578674,,50,-2,topk_oracle_50,,0.7250880599021912,all,4
0.1943238818486459,inject,,,28,0.7251978516578674,,100,-2,topk_oracle_100,,0.7237886190414429,all,4
13.410040979547544,inject,,,28,0.7251978516578674,,200,-2,topk_oracle_200,,0.627948522567749,all,4
49.2369399318687,inject,,,28,0.7251978516578674,,500,-2,topk_oracle_500,,0.368132621049881,all,4
63.23763329407623,inject,,,28,0.7251978516578674,,1000,-2,topk_oracle_1000,,0.2665998935699463,all,4
71.20405561001616,inject,,,28,0.7251978516578674,,2000,-2,topk_oracle_2000,,0.20882757008075714,all,4
81.39603417529389,inject,,,28,0.7251978516578674,,5000,-2,topk_oracle_5000,,0.1349155604839325,all,4
0.22442217966743838,inject,,,28,0.7251978516578674,,100,-2,topk_discovery_100,,0.7235703468322754,all,4
9.813245075677656,inject,,,28,0.7251978516578674,,500,-2,topk_discovery_500,,0.6540324091911316,all,4
62.04852861487584,inject,,,28,0.7251978516578674,,2000,-2,topk_discovery_2000,,0.2752232551574707,all,4
72.44771859094269,inject,,,28,0.7251978516578674,,5000,-2,topk_discovery_5000,,0.19980855286121368,all,4
2.5917165900880557,inject,,,28,0.7251978516578674,,500,-2,random_k_500,,0.7064027786254883,all,4
39.15858408467435,inject,,,28,0.7251978516578674,,2000,-2,random_k_2000,,0.44122064113616943,all,4
0.4893891171557696,inject,,,28,0.7251978516578674,,,5,occ_features,5,0.7216488122940063,all,4
0.25536704348168016,inject,,,28,0.7251978516578674,,,5,color_features,,0.723345935344696,all,4
15.84178125375766,inject,,,28,0.7251978516578674,,,5,mlp_swap_ceiling,,0.6103135943412781,all,4
0.18557055383744414,inject,0,,28,0.7251978516578674,,,5,random_same_norm,,0.7238520979881287,all,4
0.11822335221888247,inject,1,,28,0.7251978516578674,,,5,random_same_norm,,0.7243404984474182,all,4
0.2484547910334034,inject,,,28,0.7251978516578674,,,1,occ_features,3,0.7233960628509521,all,4
0.3371962769835757,inject,,,28,0.7251978516578674,,,1,color_features,,0.7227525115013123,all,4
2.1466283536650255,inject,,,28,0.7251978516578674,,,1,mlp_swap_ceiling,,0.70963054895401,all,4
0.0,inject,0,,28,0.7251978516578674,,,1,random_same_norm,,0.7251978516578674,all,4
0.09553867117576553,inject,1,,28,0.7251978516578674,,,1,random_same_norm,,0.7245050072669983,all,4
-0.017424465149051827,inject,,,28,0.7251978516578674,,,7,occ_features,5,0.7253242135047913,all,4
-0.001775322864250306,inject,,,28,0.7251978516578674,,,7,color_features,,0.7252107262611389,all,4
25.60527619379983,inject,,,28,0.7251978516578674,,,7,mlp_swap_ceiling,,0.5395089387893677,all,4
0.06569516506433892,inject,0,,28,0.7251978516578674,,,7,random_same_norm,,0.7247214317321777,all,4
0.026687376574996424,inject,1,,28,0.7251978516578674,,,7,random_same_norm,,0.7250043153762817,all,4
0.0,inject,,1113,28,0.7251978516578674,38.155999163393496,,1,single_feature_1113,,0.7251978516578674,all,4
0.12295754652352775,inject,,93,28,0.7251978516578674,31.892732724971566,,5,single_feature_93,,0.7243061661720276,all,4
0.07420192045550777,inject,,564,28,0.7251978516578674,30.82558867525743,,1,single_feature_564,,0.7246597409248352,all,4
-0.004203687373305343,inject,,,33,1.789406657218933,,,-2,occ_features,29,1.7894818782806396,all,5
-0.004203687373305343,inject,,,33,1.789406657218933,,,-2,occ_features_uncapped,29,1.7894818782806396,all,5
-0.004203687373305343,inject,,,33,1.789406657218933,,,-2,occ_features_target_specific,29,1.7894818782806396,all,5
-0.04212347901964009,inject,,,33,1.789406657218933,,,-2,color_features,34,1.7901604175567627,all,5
-0.10826993215675706,inject,0,,33,1.789406657218933,,,-2,random_same_norm,,1.7913440465927124,all,5
-0.03737351214616602,inject,0,,33,1.789406657218933,,,-2,random_raw,,1.790075421333313,all,5
0.016441680566259276,inject,1,,33,1.789406657218933,,,-2,random_same_norm,,1.7891124486923218,all,5
0.00589582143482037,inject,1,,33,1.789406657218933,,,-2,random_raw,,1.7893011569976807,all,5
0.0047366429832274015,inject,2,,33,1.789406657218933,,,-2,random_same_norm,,1.7893218994140625,all,5
-0.020845226293286778,inject,3,,33,1.789406657218933,,,-2,random_same_norm,,1.7897796630859375,all,5
-0.02434274748344123,inject,4,,33,1.789406657218933,,,-2,random_same_norm,,1.7898422479629517,all,5
0.010772365265654393,inject,5,,33,1.789406657218933,,,-2,random_same_norm,,1.7892138957977295,all,5
0.12038801033746882,inject,6,,33,1.789406657218933,,,-2,random_same_norm,,1.787252426147461,all,5
-0.0690976948270805,inject,7,,33,1.789406657218933,,,-2,random_same_norm,,1.7906430959701538,all,5
-0.024089593568721313,inject,8,,33,1.789406657218933,,,-2,random_same_norm,,1.7898377180099487,all,5
0.07270180713921937,inject,9,,33,1.789406657218933,,,-2,random_same_norm,,1.7881057262420654,all,5
0.0070283521059200105,inject,0,,33,1.789406657218933,,,-2,random_same_norm_uncapped,,1.789280891418457,all,5
-0.041717100367066884,inject,1,,33,1.789406657218933,,,-2,random_same_norm_uncapped,,1.7901531457901,all,5
0.0008127573051353032,inject,2,,33,1.789406657218933,,,-2,random_same_norm_uncapped,,1.789392113685608,all,5
84.24768086031827,inject,,,33,1.789406657218933,,,-2,all_tc_features,36864,0.28187304735183716,all,5
93.0904724291737,inject,,,33,1.789406657218933,,,-2,mlp_swap_ceiling,,0.1236395463347435,all,5
0.05655991410354888,inject,,,33,1.789406657218933,,,-2,occ_features,,1.788394570350647,bowl,5
3.360611555903281,inject,,,33,1.789406657218933,,,-2,mlp_swap_ceiling,,1.729271650314331,bowl,5
-0.05514091979210711,inject,,,33,1.789406657218933,,,-2,occ_features,,1.790393352508545,nonbowl,5
87.68042212882324,inject,,,33,1.789406657218933,,,-2,mlp_swap_ceiling,,0.2204473465681076,nonbowl,5
-0.032963304473998534,remove,,,33,1.789406657218933,,,-2,occ_features,,1.7899965047836304,all,5
0.01949285143308943,remove,,,33,1.789406657218933,,,-2,color_features,,1.7890578508377075,all,5
95.30210039138261,remove,,,33,1.789406657218933,,,-2,mlp_swap_ceiling,,0.0840645283460617,all,5
0.008154220831890768,inject,,,33,1.789406657218933,,50,-2,topk_oracle_50,,1.789260745048523,all,5
-0.02184451806190868,inject,,,33,1.789406657218933,,100,-2,topk_oracle_100,,1.7897975444793701,all,5
0.4353847616399342,inject,,,33,1.789406657218933,,200,-2,topk_oracle_200,,1.7816158533096313,all,5
0.8815219027101473,inject,,,33,1.789406657218933,,500,-2,topk_oracle_500,,1.7736326456069946,all,5
2.0564758403560757,inject,,,33,1.789406657218933,,1000,-2,topk_oracle_1000,,1.7526079416275024,all,5
3.7649383293746896,inject,,,33,1.789406657218933,,2000,-2,topk_oracle_2000,,1.722036600112915,all,5
8.792108739466054,inject,,,33,1.789406657218933,,5000,-2,topk_oracle_5000,,1.632080078125,all,5
-0.0017920632383816582,inject,,,33,1.789406657218933,,100,-2,topk_discovery_100,,1.7894387245178223,all,5
0.1875004455175855,inject,,,33,1.789406657218933,,500,-2,topk_discovery_500,,1.7860515117645264,all,5
1.1976711705190768,inject,,,33,1.789406657218933,,2000,-2,topk_discovery_2000,,1.7679754495620728,all,5
3.0532760414935245,inject,,,33,1.789406657218933,,5000,-2,topk_discovery_5000,,1.7347711324691772,all,5
0.20640038383462622,inject,,,33,1.789406657218933,,500,-2,random_k_500,,1.7857133150100708,all,5
0.5362066391479514,inject,,,33,1.789406657218933,,2000,-2,random_k_2000,,1.7798117399215698,all,5
-0.08436021110638237,inject,,,33,1.789406657218933,,,5,occ_features,5,1.7909162044525146,all,5
-0.014116661717955559,inject,,,33,1.789406657218933,,,5,color_features,,1.7896592617034912,all,5
1.2643239314856225,inject,,,33,1.789406657218933,,,5,mlp_swap_ceiling,,1.7667827606201172,all,5
0.01315734162008475,inject,0,,33,1.789406657218933,,,5,random_same_norm,,1.7891712188720703,all,5
0.023896397160116933,inject,1,,33,1.789406657218933,,,5,random_same_norm,,1.7889790534973145,all,5
0.0336428228766672,inject,,,33,1.789406657218933,,,1,occ_features,3,1.7888046503067017,all,5
0.007241534349888834,inject,,,33,1.789406657218933,,,1,color_features,,1.7892770767211914,all,5
1.8067061937636075,inject,,,33,1.789406657218933,,,1,mlp_swap_ceiling,,1.7570773363113403,all,5
0.018626798566967473,inject,0,,33,1.789406657218933,,,1,random_same_norm,,1.7890733480453491,all,5
0.017301071487263453,inject,1,,33,1.789406657218933,,,1,random_same_norm,,1.7890970706939697,all,5
0.052682662041325656,inject,,,33,1.789406657218933,,,7,occ_features,5,1.7884639501571655,all,5
0.012264640973458363,inject,,,33,1.789406657218933,,,7,color_features,,1.7891871929168701,all,5
2.4397442052902396,inject,,,33,1.789406657218933,,,7,mlp_swap_ceiling,,1.7457497119903564,all,5
-0.1321996390424962,inject,0,,33,1.789406657218933,,,7,random_same_norm,,1.7917722463607788,all,5
0.0,inject,1,,33,1.789406657218933,,,7,random_same_norm,,1.789406657218933,all,5
0.006988380435168917,inject,,1113,33,1.789406657218933,38.155999163393496,,1,single_feature_1113,,1.7892816066741943,all,5
0.011738347308654085,inject,,93,33,1.789406657218933,31.892732724971566,,5,single_feature_93,,1.7891966104507446,all,5
0.01738767677388342,inject,,564,33,1.789406657218933,30.82558867525743,,1,single_feature_564,,1.7890955209732056,all,5
1.4743295040463567,inject,,,34,0.17149384319782257,,,-2,occ_features,29,0.16896545886993408,all,5
1.4743295040463567,inject,,,34,0.17149384319782257,,,-2,occ_features_uncapped,29,0.16896545886993408,all,5
1.4743295040463567,inject,,,34,0.17149384319782257,,,-2,occ_features_target_specific,29,0.16896545886993408,all,5
0.2117604881222146,inject,,,34,0.17149384319782257,,,-2,color_features,34,0.1711306869983673,all,5
0.4837620604901116,inject,0,,34,0.17149384319782257,,,-2,random_same_norm,,0.1706642210483551,all,5
0.4071508330569462,inject,0,,34,0.17149384319782257,,,-2,random_raw,,0.17079560458660126,all,5
0.11751051829489434,inject,1,,34,0.17149384319782257,,,-2,random_same_norm,,0.17129231989383698,all,5
0.43226214612055447,inject,1,,34,0.17149384319782257,,,-2,random_raw,,0.17075254023075104,all,5
0.29240342810261666,inject,2,,34,0.17149384319782257,,,-2,random_same_norm,,0.1709923893213272,all,5
0.5494511700959492,inject,3,,34,0.17149384319782257,,,-2,random_same_norm,,0.17055156826972961,all,5
-0.14377747310156952,inject,4,,34,0.17149384319782257,,,-2,random_same_norm,,0.17174041271209717,all,5
-0.019680665774757244,inject,5,,34,0.17149384319782257,,,-2,random_same_norm,,0.17152759432792664,all,5
-1.0459948020450804,inject,6,,34,0.17149384319782257,,,-2,random_same_norm,,0.17328765988349915,all,5
0.6284779494431958,inject,7,,34,0.17149384319782257,,,-2,random_same_norm,,0.17041604220867157,all,5
0.2842183565088696,inject,8,,34,0.17149384319782257,,,-2,random_same_norm,,0.17100642621517181,all,5
1.6038048244480296,inject,9,,34,0.17149384319782257,,,-2,random_same_norm,,0.16874341666698456,all,5
0.5098378565122186,inject,0,,34,0.17149384319782257,,,-2,random_same_norm_uncapped,,0.17061950266361237,all,5
0.7973146013943944,inject,1,,34,0.17149384319782257,,,-2,random_same_norm_uncapped,,0.17012649774551392,all,5
0.5298487056421441,inject,2,,34,0.17149384319782257,,,-2,random_same_norm_uncapped,,0.17058518528938293,all,5
14.043019589344008,inject,,,34,0.17149384319782257,,,-2,all_tc_features,36864,0.14741092920303345,all,5
74.2523606154861,inject,,,34,0.17149384319782257,,,-2,mlp_swap_ceiling,,0.04415561631321907,all,5
1.8525632264196679,inject,,,34,0.17149384319782257,,,-2,occ_features,,0.1683168113231659,bowl,5
10.301990041148667,inject,,,34,0.17149384319782257,,,-2,mlp_swap_ceiling,,0.15382656455039978,bowl,5
0.6709151996171281,inject,,,34,0.17149384319782257,,,-2,occ_features,,0.17034326493740082,nonbowl,5
73.34985220384792,inject,,,34,0.17149384319782257,,,-2,mlp_swap_ceiling,,0.04570336267352104,nonbowl,5
2.4893218268488893,remove,,,34,0.17149384319782257,,,-2,occ_features,,0.16722480952739716,all,5
0.20831094096434022,remove,,,34,0.17149384319782257,,,-2,color_features,,0.17113660275936127,all,5
80.32669383843972,remove,,,34,0.17149384319782257,,,-2,mlp_swap_ceiling,,0.03373850882053375,all,5
-0.15670675816683577,inject,,,34,0.17149384319782257,,50,-2,topk_oracle_50,,0.1717625856399536,all,5
-0.1586183460125179,inject,,,34,0.17149384319782257,,100,-2,topk_oracle_100,,0.17176586389541626,all,5
0.08415331038790219,inject,,,34,0.17149384319782257,,200,-2,topk_oracle_200,,0.17134952545166016,all,5
-0.770439414091384,inject,,,34,0.17149384319782257,,500,-2,topk_oracle_500,,0.17281509935855865,all,5
8.134961925080175,inject,,,34,0.17149384319782257,,1000,-2,topk_oracle_1000,,0.157542884349823,all,5
13.13275621337734,inject,,,34,0.17149384319782257,,2000,-2,topk_oracle_2000,,0.14897197484970093,all,5
14.38200493763141,inject,,,34,0.17149384319782257,,5000,-2,topk_oracle_5000,,0.14682959020137787,all,5
-0.019367860490926425,inject,,,34,0.17149384319782257,,100,-2,topk_discovery_100,,0.17152705788612366,all,5
-2.1086812415971545,inject,,,34,0.17149384319782257,,500,-2,topk_discovery_500,,0.1751101016998291,all,5
0.43803166580022035,inject,,,34,0.17149384319782257,,2000,-2,topk_discovery_2000,,0.17074264585971832,all,5
7.052212502184208,inject,,,34,0.17149384319782257,,5000,-2,topk_discovery_5000,,0.15939973294734955,all,5
0.6328919795595689,inject,,,34,0.17149384319782257,,500,-2,random_k_500,,0.1704084724187851,all,5
0.9831470071007709,inject,,,34,0.17149384319782257,,2000,-2,random_k_2000,,0.1698078066110611,all,5
0.485803983870714,inject,,,34,0.17149384319782257,,,5,occ_features,5,0.17066071927547455,all,5
0.5768998337526754,inject,,,34,0.17149384319782257,,,5,color_features,,0.17050449550151825,all,5
2.3793012572947747,inject,,,34,0.17149384319782257,,,5,mlp_swap_ceiling,,0.16741348803043365,all,5
0.2622611633906202,inject,0,,34,0.17149384319782257,,,5,random_same_norm,,0.17104408144950867,all,5
0.4493274121610158,inject,1,,34,0.17149384319782257,,,5,random_same_norm,,0.17072327435016632,all,5
0.20154218218353392,inject,,,34,0.17149384319782257,,,1,occ_features,3,0.17114821076393127,all,5
0.3031170090740498,inject,,,34,0.17149384319782257,,,1,color_features,,0.1709740161895752,all,5
12.41484201986366,inject,,,34,0.17149384319782257,,,1,mlp_swap_ceiling,,0.1502031534910202,all,5
0.0,inject,0,,34,0.17149384319782257,,,1,random_same_norm,,0.17149384319782257,all,5
0.0,inject,1,,34,0.17149384319782257,,,1,random_same_norm,,0.17149384319782257,all,5
0.6378012847086834,inject,,,34,0.17149384319782257,,,7,occ_features,5,0.17040005326271057,all,5
0.0607363592784127,inject,,,34,0.17149384319782257,,,7,color_features,,0.17138968408107758,all,5
11.191182505634622,inject,,,34,0.17149384319782257,,,7,mlp_swap_ceiling,,0.15230165421962738,all,5
0.0584858990419157,inject,0,,34,0.17149384319782257,,,7,random_same_norm,,0.17139354348182678,all,5
0.1875180786248265,inject,1,,34,0.17149384319782257,,,7,random_same_norm,,0.17117226123809814,all,5
0.5760483082577927,inject,,1113,34,0.17149384319782257,38.155999163393496,,1,single_feature_1113,,0.17050595581531525,all,5
0.42735284097144,inject,,93,34,0.17149384319782257,31.892732724971566,,5,single_feature_93,,0.17076095938682556,all,5
0.17123482579395333,inject,,564,34,0.17149384319782257,30.82558867525743,,1,single_feature_564,,0.17120018601417542,all,5
1.3842315398489458,inject,,,38,0.5698654651641846,,,-2,occ_features,29,0.561977207660675,all,6
1.3842315398489458,inject,,,38,0.5698654651641846,,,-2,occ_features_uncapped,29,0.561977207660675,all,6
1.3842315398489458,inject,,,38,0.5698654651641846,,,-2,occ_features_target_specific,29,0.561977207660675,all,6
0.019883364871986497,inject,,,38,0.5698654651641846,,,-2,color_features,34,0.5697521567344666,all,6
0.09706345397790805,inject,0,,38,0.5698654651641846,,,-2,random_same_norm,,0.569312334060669,all,6
0.15752938365961588,inject,0,,38,0.5698654651641846,,,-2,random_raw,,0.5689677596092224,all,6
0.4381557274341086,inject,1,,38,0.5698654651641846,,,-2,random_same_norm,,0.5673685669898987,all,6
-0.36256547076403134,inject,1,,38,0.5698654651641846,,,-2,random_raw,,0.5719316005706787,all,6
-0.3323795733308099,inject,2,,38,0.5698654651641846,,,-2,random_same_norm,,0.5717595815658569,all,6
-0.2658262589276372,inject,3,,38,0.5698654651641846,,,-2,random_same_norm,,0.5713803172111511,all,6
0.45387624158591544,inject,4,,38,0.5698654651641846,,,-2,random_same_norm,,0.5672789812088013,all,6
-0.2008209392646343,inject,5,,38,0.5698654651641846,,,-2,random_same_norm,,0.5710098743438721,all,6
0.3048399101493682,inject,6,,38,0.5698654651641846,,,-2,random_same_norm,,0.5681282877922058,all,6
0.8381240981361726,inject,7,,38,0.5698654651641846,,,-2,random_same_norm,,0.5650892853736877,all,6
0.03248697069562212,inject,8,,38,0.5698654651641846,,,-2,random_same_norm,,0.5696803331375122,all,6
-0.2875818606813185,inject,9,,38,0.5698654651641846,,,-2,random_same_norm,,0.5715042948722839,all,6
0.9818261233735082,inject,0,,38,0.5698654651641846,,,-2,random_same_norm_uncapped,,0.5642703771591187,all,6
-0.003964121665700482,inject,1,,38,0.5698654651641846,,,-2,random_same_norm_uncapped,,0.5698880553245544,all,6
0.34921924584206954,inject,2,,38,0.5698654651641846,,,-2,random_same_norm_uncapped,,0.5678753852844238,all,6
69.27857483236681,inject,,,38,0.5698654651641846,,,-2,all_tc_features,36864,0.17507079243659973,all,6
93.25186470609647,inject,,,38,0.5698654651641846,,,-2,mlp_swap_ceiling,,0.0384552925825119,all,6
0.4864782659446565,inject,,,38,0.5698654651641846,,,-2,occ_features,,0.5670931935310364,bowl,6
68.76440785644984,inject,,,38,0.5698654651641846,,,-2,mlp_swap_ceiling,,0.17800085246562958,bowl,6
1.2084609208727892,inject,,,38,0.5698654651641846,,,-2,occ_features,,0.5629788637161255,nonbowl,6
88.74799100615056,inject,,,38,0.5698654651641846,,,-2,mlp_swap_ceiling,,0.064121313393116,nonbowl,6
-0.028847091171457784,remove,,,38,0.5698654651641846,,,-2,occ_features,,0.5700298547744751,all,6
0.003985040513532212,remove,,,38,0.5698654651641846,,,-2,color_features,,0.5698427557945251,all,6
95.01433287545463,remove,,,38,0.5698654651641846,,,-2,mlp_swap_ceiling,,0.02841159515082836,all,6
-0.02252959912374397,inject,,,38,0.5698654651641846,,50,-2,topk_oracle_50,,0.5699938535690308,all,6
0.1319979298708196,inject,,,38,0.5698654651641846,,100,-2,topk_oracle_100,,0.5691132545471191,all,6
1.5203295638964165,inject,,,38,0.5698654651641846,,200,-2,topk_oracle_200,,0.5612016320228577,all,6
59.654375135188054,inject,,,38,0.5698654651641846,,500,-2,topk_oracle_500,,0.2299157828092575,all,6
65.77196144321643,inject,,,38,0.5698654651641846,,1000,-2,topk_oracle_1000,,0.19505377113819122,all,6
67.01499860471284,inject,,,38,0.5698654651641846,,2000,-2,topk_oracle_2000,,0.1879701316356659,all,6
75.34996709465234,inject,,,38,0.5698654651641846,,5000,-2,topk_oracle_5000,,0.14047202467918396,all,6
0.2315611861656075,inject,,,38,0.5698654651641846,,100,-2,topk_discovery_100,,0.5685458779335022,all,6
30.48771456985201,inject,,,38,0.5698654651641846,,500,-2,topk_discovery_500,,0.39612650871276855,all,6
61.41833867530977,inject,,,38,0.5698654651641846,,2000,-2,topk_discovery_2000,,0.21986356377601624,all,6
66.05840584154642,inject,,,38,0.5698654651641846,,5000,-2,topk_discovery_5000,,0.19342142343521118,all,6
-0.3680985060177333,inject,,,38,0.5698654651641846,,500,-2,random_k_500,,0.5719631314277649,all,6
7.886677580726875,inject,,,38,0.5698654651641846,,2000,-2,random_k_2000,,0.5249220132827759,all,6
0.6983025191731662,inject,,,38,0.5698654651641846,,,5,occ_features,5,0.5658860802650452,all,6
-0.3358207238004951,inject,,,38,0.5698654651641846,,,5,color_features,,0.571779191493988,all,6
65.33089538107656,inject,,,38,0.5698654651641846,,,5,mlp_swap_ceiling,,0.19756725430488586,all,6
0.22906138384872765,inject,0,,38,0.5698654651641846,,,5,random_same_norm,,0.5685601234436035,all,6
0.825290384986288,inject,1,,38,0.5698654651641846,,,5,random_same_norm,,0.5651624202728271,all,6
1.1505575500514786,inject,,,38,0.5698654651641846,,,1,occ_features,3,0.563308835029602,all,6
-0.38649663269305634,inject,,,38,0.5698654651641846,,,1,color_features,,0.5720679759979248,all,6
53.086403418307086,inject,,,38,0.5698654651641846,,,1,mlp_swap_ceiling,,0.2673443853855133,all,6
0.0,inject,0,,38,0.5698654651641846,,,1,random_same_norm,,0.5698654651641846,all,6
0.0,inject,1,,38,0.5698654651641846,,,1,random_same_norm,,0.5698654651641846,all,6
0.7159371079023424,inject,,,38,0.5698654651641846,,,7,occ_features,5,0.5657855868339539,all,6
0.36250271422050284,inject,,,38,0.5698654651641846,,,7,color_features,,0.5677996873855591,all,6
52.96929447838643,inject,,,38,0.5698654651641846,,,7,mlp_swap_ceiling,,0.26801174879074097,all,6
-0.050634071196875574,inject,0,,38,0.5698654651641846,,,7,random_same_norm,,0.5701540112495422,all,6
0.12153850595078008,inject,1,,38,0.5698654651641846,,,7,random_same_norm,,0.5691728591918945,all,6
0.1922546710741324,inject,,1113,38,0.5698654651641846,38.155999163393496,,1,single_feature_1113,,0.5687698721885681,all,6
0.759657499888089,inject,,93,38,0.5698654651641846,31.892732724971566,,5,single_feature_93,,0.5655364394187927,all,6
-0.3208428287470255,inject,,564,38,0.5698654651641846,30.82558867525743,,1,single_feature_564,,0.5716938376426697,all,6
-0.10874706627941322,inject,,,39,0.25725236535072327,,,-2,occ_features,29,0.25753211975097656,all,6
-0.10874706627941322,inject,,,39,0.25725236535072327,,,-2,occ_features_uncapped,29,0.25753211975097656,all,6
-0.10874706627941322,inject,,,39,0.25725236535072327,,,-2,occ_features_target_specific,29,0.25753211975097656,all,6
-0.07272974135528187,inject,,,39,0.25725236535072327,,,-2,color_features,34,0.2574394643306732,all,6
0.13007479068767314,inject,0,,39,0.25725236535072327,,,-2,random_same_norm,,0.2569177448749542,all,6
0.12971566007569102,inject,0,,39,0.25725236535072327,,,-2,random_raw,,0.25691866874694824,all,6
0.12117761939731686,inject,1,,39,0.25725236535072327,,,-2,random_same_norm,,0.256940633058548,all,6
0.5605217912925231,inject,1,,39,0.25725236535072327,,,-2,random_raw,,0.255810409784317,all,6
0.11614979082958943,inject,2,,39,0.25725236535072327,,,-2,random_same_norm,,0.25695356726646423,all,6
0.14609664992538685,inject,3,,39,0.25725236535072327,,,-2,random_same_norm,,0.25687652826309204,all,6
0.2140302598819699,inject,4,,39,0.25725236535072327,,,-2,random_same_norm,,0.2567017674446106,all,6
0.3144478129351147,inject,5,,39,0.25725236535072327,,,-2,random_same_norm,,0.25644344091415405,all,6
0.2413589409678507,inject,6,,39,0.25725236535072327,,,-2,random_same_norm,,0.256631463766098,all,6
0.12735234895169256,inject,7,,39,0.25725236535072327,,,-2,random_same_norm,,0.25692474842071533,all,6
0.1913239373180331,inject,8,,39,0.25725236535072327,,,-2,random_same_norm,,0.2567601799964905,all,6
0.19491524343784317,inject,9,,39,0.25725236535072327,,,-2,random_same_norm,,0.2567509412765503,all,6
0.07033167565593246,inject,0,,39,0.25725236535072327,,,-2,random_same_norm_uncapped,,0.25707143545150757,all,6
0.2567783875661145,inject,1,,39,0.25725236535072327,,,-2,random_same_norm_uncapped,,0.256591796875,all,6
0.46874654264380533,inject,2,,39,0.25725236535072327,,,-2,random_same_norm_uncapped,,0.25604650378227234,all,6
39.48678729516377,inject,,,39,0.25725236535072327,,,-2,all_tc_features,36864,0.15567167103290558,all,6
91.256745863076,inject,,,39,0.25725236535072327,,,-2,mlp_swap_ceiling,,0.02249222807586193,all,6
-0.1681426355576221,inject,,,39,0.25725236535072327,,,-2,occ_features,,0.2576849162578583,bowl,6
3.6247284364368304,inject,,,39,0.25725236535072327,,,-2,mlp_swap_ceiling,,0.24792766571044922,bowl,6
0.043084088579214974,inject,,,39,0.25725236535072327,,,-2,occ_features,,0.2571415305137634,nonbowl,6
85.23593201402649,inject,,,39,0.25725236535072327,,,-2,mlp_swap_ceiling,,0.03798091411590576,nonbowl,6
-0.7982083321314004,remove,,,39,0.25725236535072327,,,-2,occ_features,,0.25930577516555786,all,6
0.11721559780707436,remove,,,39,0.25725236535072327,,,-2,color_features,,0.25695082545280457,all,6
84.173226882386,remove,,,39,0.25725236535072327,,,-2,mlp_swap_ceiling,,0.040714748203754425,all,6
0.08760469960635842,inject,,,39,0.25725236535072327,,50,-2,topk_oracle_50,,0.2570270001888275,all,6
-0.04336212518203375,inject,,,39,0.25725236535072327,,100,-2,topk_oracle_100,,0.2573639154434204,all,6
-1.0129800229542463,inject,,,39,0.25725236535072327,,200,-2,topk_oracle_200,,0.25985828042030334,all,6
3.882329348952962,inject,,,39,0.25725236535072327,,500,-2,topk_oracle_500,,0.24726498126983643,all,6
7.005236471868425,inject,,,39,0.25725236535072327,,1000,-2,topk_oracle_1000,,0.23923122882843018,all,6
12.250402776566194,inject,,,39,0.25725236535072327,,2000,-2,topk_oracle_2000,,0.22573791444301605,all,6
14.797426585883134,inject,,,39,0.25725236535072327,,5000,-2,topk_oracle_5000,,0.21918563544750214,all,6
0.10166871776585706,inject,,,39,0.25725236535072327,,100,-2,topk_discovery_100,,0.25699082016944885,all,6
2.1625686967625124,inject,,,39,0.25725236535072327,,500,-2,topk_discovery_500,,0.2516891062259674,all,6
-0.8911420666252168,inject,,,39,0.25725236535072327,,2000,-2,topk_discovery_2000,,0.25954484939575195,all,6
6.373131840207269,inject,,,39,0.25725236535072327,,5000,-2,topk_discovery_5000,,0.24085733294487,all,6
2.7190705421725303,inject,,,39,0.25725236535072327,,500,-2,random_k_500,,0.2502574920654297,all,6
2.081115556993618,inject,,,39,0.25725236535072327,,2000,-2,random_k_2000,,0.2518986463546753,all,6
0.4108917595395778,inject,,,39,0.25725236535072327,,,5,occ_features,5,0.2561953365802765,all,6
0.15826075129892203,inject,,,39,0.25725236535072327,,,5,color_features,,0.25684523582458496,all,6
7.297198074550182,inject,,,39,0.25725236535072327,,,5,mlp_swap_ceiling,,0.23848015069961548,all,6
-0.026691513871068828,inject,0,,39,0.25725236535072327,,,5,random_same_norm,,0.2573210299015045,all,6
0.3010673014242293,inject,1,,39,0.25725236535072327,,,5,random_same_norm,,0.25647786259651184,all,6
0.05344095203440036,inject,,,39,0.25725236535072327,,,1,occ_features,3,0.25711488723754883,all,6
0.06745863076009773,inject,,,39,0.25725236535072327,,,1,color_features,,0.2570788264274597,all,6
11.598713941693639,inject,,,39,0.25725236535072327,,,1,mlp_swap_ceiling,,0.22741439938545227,all,6
0.0,inject,0,,39,0.25725236535072327,,,1,random_same_norm,,0.25725236535072327,all,6
0.11776008615427269,inject,1,,39,0.25725236535072327,,,1,random_same_norm,,0.25694942474365234,all,6
-0.02750245396263562,inject,,,39,0.25725236535072327,,,7,occ_features,5,0.25732311606407166,all,6
-0.02030825686458737,inject,,,39,0.25725236535072327,,,7,color_features,,0.2573046088218689,all,6
9.008281667760853,inject,,,39,0.25725236535072327,,,7,mlp_swap_ceiling,,0.23407834768295288,all,6
0.053661064344967535,inject,0,,39,0.25725236535072327,,,7,random_same_norm,,0.25711432099342346,all,6
0.09600372198331764,inject,1,,39,0.25725236535072327,,,7,random_same_norm,,0.25700539350509644,all,6
0.34371116538230995,inject,,1113,39,0.25725236535072327,38.155999163393496,,1,single_feature_1113,,0.25636816024780273,all,6
0.22534866658858732,inject,,93,39,0.25725236535072327,31.892732724971566,,5,single_feature_93,,0.2566726505756378,all,6
0.15459993602841005,inject,,564,39,0.25725236535072327,30.82558867525743,,1,single_feature_564,,0.2568546533584595,all,6
0.03360999643423623,inject,,,40,0.13172078132629395,,,-2,occ_features,29,0.13167650997638702,all,6
0.03360999643423623,inject,,,40,0.13172078132629395,,,-2,occ_features_uncapped,29,0.13167650997638702,all,6
0.03360999643423623,inject,,,40,0.13172078132629395,,,-2,occ_features_target_specific,29,0.13167650997638702,all,6
-0.08708507322476855,inject,,,40,0.13172078132629395,,,-2,color_features,34,0.13183549046516418,all,6
0.06249128923013769,inject,0,,40,0.13172078132629395,,,-2,random_same_norm,,0.13163846731185913,all,6
0.2885527361319973,inject,0,,40,0.13172078132629395,,,-2,random_raw,,0.13134069740772247,all,6
0.22249795014090967,inject,1,,40,0.13172078132629395,,,-2,random_same_norm,,0.13142770528793335,all,6
-0.5875018326554793,inject,1,,40,0.13172078132629395,,,-2,random_raw,,0.13249464333057404,all,6
0.3236446947112781,inject,2,,40,0.13172078132629395,,,-2,random_same_norm,,0.13129447400569916,all,6
-0.6233517413394507,inject,3,,40,0.13172078132629395,,,-2,random_same_norm,,0.13254186511039734,all,6
0.08284281517602077,inject,4,,40,0.13172078132629395,,,-2,random_same_norm,,0.1316116601228714,all,6
0.26701337793247903,inject,5,,40,0.13172078132629395,,,-2,random_same_norm,,0.13136906921863556,all,6
0.15370549362235808,inject,6,,40,0.13172078132629395,,,-2,random_same_norm,,0.13151831924915314,all,6
0.10365816133521832,inject,7,,40,0.13172078132629395,,,-2,random_same_norm,,0.13158424198627472,all,6
0.34645107398135755,inject,8,,40,0.13172078132629395,,,-2,random_same_norm,,0.13126443326473236,all,6
-0.36885019647876494,inject,9,,40,0.13172078132629395,,,-2,random_same_norm,,0.13220663368701935,all,6
-0.35955116683590305,inject,0,,40,0.13172078132629395,,,-2,random_same_norm_uncapped,,0.132194384932518,all,6
0.4740808214640624,inject,1,,40,0.13172078132629395,,,-2,random_same_norm_uncapped,,0.13109631836414337,all,6
0.24211415135834136,inject,2,,40,0.13172078132629395,,,-2,random_same_norm_uncapped,,0.13140186667442322,all,6
42.59286472559039,inject,,,40,0.13172078132629395,,,-2,all_tc_features,36864,0.07561712712049484,all,6
85.18014098324456,inject,,,40,0.13172078132629395,,,-2,mlp_swap_ceiling,,0.0195208340883255,all,6
-0.4865134657189296,inject,,,40,0.13172078132629395,,,-2,occ_features,,0.13236162066459656,bowl,6
23.86767345065949,inject,,,40,0.13172078132629395,,,-2,mlp_swap_ceiling,,0.10028209537267685,bowl,6
0.37221006485337327,inject,,,40,0.13172078132629395,,,-2,occ_features,,0.13123050332069397,nonbowl,6
60.17564136154084,inject,,,40,0.13172078132629395,,,-2,mlp_swap_ceiling,,0.05245695635676384,nonbowl,6
-0.32530765986638066,remove,,,40,0.13172078132629395,,,-2,occ_features,,0.13214927911758423,all,6
-0.544072422924402,remove,,,40,0.13172078132629395,,,-2,color_features,,0.13243743777275085,all,6
87.01250233041375,remove,,,40,0.13172078132629395,,,-2,mlp_swap_ceiling,,0.01710723340511322,all,6
0.10389572778595202,inject,,,40,0.13172078132629395,,50,-2,topk_oracle_50,,0.13158392906188965,all,6
-0.3864640518971729,inject,,,40,0.13172078132629395,,100,-2,topk_oracle_100,,0.13222983479499817,all,6
-0.8244347728502799,inject,,,40,0.13172078132629395,,200,-2,topk_oracle_200,,0.13280673325061798,all,6
-0.646282560178979,inject,,,40,0.13172078132629395,,500,-2,topk_oracle_500,,0.13257206976413727,all,6
1.7571206584165444,inject,,,40,0.13172078132629395,,1000,-2,topk_oracle_1000,,0.12940628826618195,all,6
4.07877839258467,inject,,,40,0.13172078132629395,,2000,-2,topk_oracle_2000,,0.12634818255901337,all,6
28.127347382786972,inject,,,40,0.13172078132629395,,5000,-2,topk_oracle_5000,,0.09467121958732605,all,6
-0.4841717392760181,inject,,,40,0.13172078132629395,,100,-2,topk_discovery_100,,0.13235853612422943,all,6
-0.8132691496659517,inject,,,40,0.13172078132629395,,500,-2,topk_discovery_500,,0.13279202580451965,all,6
-3.912131183741585,inject,,,40,0.13172078132629395,,2000,-2,topk_discovery_2000,,0.13687387108802795,all,6
-5.118425744420119,inject,,,40,0.13172078132629395,,5000,-2,topk_discovery_5000,,0.13846281170845032,all,6
-0.023734019696752817,inject,,,40,0.13172078132629395,,500,-2,random_k_500,,0.13175204396247864,all,6
5.021917201983072,inject,,,40,0.13172078132629395,,2000,-2,random_k_2000,,0.1251058727502823,all,6
-0.24129963781298613,inject,,,40,0.13172078132629395,,,5,occ_features,5,0.13203862309455872,all,6
-0.2672283190069402,inject,,,40,0.13172078132629395,,,5,color_features,,0.13207277655601501,all,6
11.909358896388444,inject,,,40,0.13172078132629395,,,5,mlp_swap_ceiling,,0.11603368073701859,all,6
0.35532022147528597,inject,0,,40,0.13172078132629395,,,5,random_same_norm,,0.13125275075435638,all,6
0.3692461405633174,inject,1,,40,0.13172078132629395,,,5,random_same_norm,,0.13123440742492676,all,6
0.3315070129616293,inject,,,40,0.13172078132629395,,,1,occ_features,3,0.13128411769866943,all,6
0.17512041225246078,inject,,,40,0.13172078132629395,,,1,color_features,,0.13149011135101318,all,6
6.590534538089365,inject,,,40,0.13172078132629395,,,1,mlp_swap_ceiling,,0.12303967773914337,all,6
0.0,inject,0,,40,0.13172078132629395,,,1,random_same_norm,,0.13172078132629395,all,6
0.2831000204533418,inject,1,,40,0.13172078132629395,,,1,random_same_norm,,0.1313478797674179,all,6
0.1817157094322508,inject,,,40,0.13172078132629395,,,7,occ_features,5,0.13148142397403717,all,6
0.383092870834445,inject,,,40,0.13172078132629395,,,7,color_features,,0.1312161684036255,all,6
6.536420294419498,inject,,,40,0.13172078132629395,,,7,mlp_swap_ceiling,,0.12311095744371414,all,6
0.3743029121574315,inject,0,,40,0.13172078132629395,,,7,random_same_norm,,0.1312277466058731,all,6
-0.23764563954697948,inject,1,,40,0.13172078132629395,,,7,random_same_norm,,0.1320338100194931,all,6
0.18193065050672308,inject,,1113,40,0.13172078132629395,38.155999163393496,,1,single_feature_1113,,0.1314811408519745,all,6
0.33435781037038925,inject,,93,40,0.13172078132629395,31.892732724971566,,5,single_feature_93,,0.13128036260604858,all,6
0.38975604414301923,inject,,564,40,0.13172078132629395,30.82558867525743,,1,single_feature_564,,0.1312073916196823,all,6
1.2666153982821005,inject,,,41,0.344207227230072,,,-2,occ_features,29,0.3398474454879761,all,6
1.2666153982821005,inject,,,41,0.344207227230072,,,-2,occ_features_uncapped,29,0.3398474454879761,all,6
1.2666153982821005,inject,,,41,0.344207227230072,,,-2,occ_features_target_specific,29,0.3398474454879761,all,6
-0.05598424475556918,inject,,,41,0.344207227230072,,,-2,color_features,34,0.34439992904663086,all,6
0.47753712267996073,inject,0,,41,0.344207227230072,,,-2,random_same_norm,,0.3425635099411011,all,6
0.4844810392116594,inject,0,,41,0.344207227230072,,,-2,random_raw,,0.34253960847854614,all,6
0.22497596902701922,inject,1,,41,0.344207227230072,,,-2,random_same_norm,,0.34343284368515015,all,6
0.5228544033868299,inject,1,,41,0.344207227230072,,,-2,random_raw,,0.3424075245857239,all,6
0.06917075956576202,inject,2,,41,0.344207227230072,,,-2,random_same_norm,,0.3439691364765167,all,6
0.41660035890177527,inject,3,,41,0.344207227230072,,,-2,random_same_norm,,0.3427732586860657,all,6
-0.006701485530591356,inject,4,,41,0.344207227230072,,,-2,random_same_norm,,0.3442302942276001,all,6
0.36786306942929725,inject,5,,41,0.344207227230072,,,-2,random_same_norm,,0.342941015958786,all,6
-0.030788737140552414,inject,6,,41,0.344207227230072,,,-2,random_same_norm,,0.34431320428848267,all,6
0.23875990308993567,inject,7,,41,0.344207227230072,,,-2,random_same_norm,,0.34338539838790894,all,6
0.1378566571293205,inject,8,,41,0.344207227230072,,,-2,random_same_norm,,0.34373271465301514,all,6
0.43559655948849363,inject,9,,41,0.344207227230072,,,-2,random_same_norm,,0.34270787239074707,all,6
0.14241089665010254,inject,0,,41,0.344207227230072,,,-2,random_same_norm_uncapped,,0.3437170386314392,all,6
0.44261840027055577,inject,1,,41,0.344207227230072,,,-2,random_same_norm_uncapped,,0.34268370270729065,all,6
0.32338563897625905,inject,2,,41,0.344207227230072,,,-2,random_same_norm_uncapped,,0.3430941104888916,all,6
12.633858710173563,inject,,,41,0.344207227230072,,,-2,all_tc_features,36864,0.30072057247161865,all,6
89.73150593462432,inject,,,41,0.344207227230072,,,-2,mlp_swap_ceiling,,0.03534489870071411,all,6
1.0371198227344558,inject,,,41,0.344207227230072,,,-2,occ_features,,0.3406373858451843,bowl,6
8.89607485161058,inject,,,41,0.344207227230072,,,-2,mlp_swap_ceiling,,0.3135862946510315,bowl,6
0.509944952577901,inject,,,41,0.344207227230072,,,-2,occ_features,,0.34245195984840393,nonbowl,6
79.03851735087332,inject,,,41,0.344207227230072,,,-2,mlp_swap_ceiling,,0.07215093821287155,nonbowl,6
0.9656546269082189,remove,,,41,0.344207227230072,,,-2,occ_features,,0.34088337421417236,all,6
0.47350237816153884,remove,,,41,0.344207227230072,,,-2,color_features,,0.34257739782333374,all,6
90.34957403141456,remove,,,41,0.344207227230072,,,-2,mlp_swap_ceiling,,0.03321746364235878,all,6
-0.017039436077781467,inject,,,41,0.344207227230072,,50,-2,topk_oracle_50,,0.344265878200531,all,6
0.11732794628560583,inject,,,41,0.344207227230072,,100,-2,topk_oracle_100,,0.34380337595939636,all,6
2.5654827779614253,inject,,,41,0.344207227230072,,200,-2,topk_oracle_200,,0.33537665009498596,all,6
1.0705060348868645,inject,,,41,0.344207227230072,,500,-2,topk_oracle_500,,0.3405224680900574,all,6
6.37744186461302,inject,,,41,0.344207227230072,,1000,-2,topk_oracle_1000,,0.32225561141967773,all,6
10.70422049861477,inject,,,41,0.344207227230072,,2000,-2,topk_oracle_2000,,0.30736252665519714,all,6
11.312704994892497,inject,,,41,0.344207227230072,,5000,-2,topk_oracle_5000,,0.3052680790424347,all,6
0.022649982103395416,inject,,,41,0.344207227230072,,100,-2,topk_discovery_100,,0.3441292643547058,all,6
0.1802907405730303,inject,,,41,0.344207227230072,,500,-2,topk_discovery_500,,0.34358665347099304,all,6
-0.583548736163908,inject,,,41,0.344207227230072,,2000,-2,topk_discovery_2000,,0.3462158441543579,all,6
3.0302403235830444,inject,,,41,0.344207227230072,,5000,-2,topk_discovery_5000,,0.33377692103385925,all,6
1.6781420226607224,inject,,,41,0.344207227230072,,500,-2,random_k_500,,0.3384309411048889,all,6
-1.7085324802994517,inject,,,41,0.344207227230072,,2000,-2,random_k_2000,,0.35008811950683594,all,6
0.08021002836615665,inject,,,41,0.344207227230072,,,5,occ_features,5,0.3439311385154724,all,6
0.022953020854776796,inject,,,41,0.344207227230072,,,5,color_features,,0.34412822127342224,all,6
8.761187974244821,inject,,,41,0.344207227230072,,,5,mlp_swap_ceiling,,0.3140505850315094,all,6
0.0,inject,0,,41,0.344207227230072,,,5,random_same_norm,,0.344207227230072,all,6
0.17878420506615145,inject,1,,41,0.344207227230072,,,5,random_same_norm,,0.3435918390750885,all,6
0.1017084632143006,inject,,,41,0.344207227230072,,,1,occ_features,3,0.34385713934898376,all,6
0.10292061821983722,inject,,,41,0.344207227230072,,,1,color_features,,0.3438529670238495,all,6
14.443000055932298,inject,,,41,0.344207227230072,,,1,mlp_swap_ceiling,,0.2944933772087097,all,6
0.0,inject,0,,41,0.344207227230072,,,1,random_same_norm,,0.344207227230072,all,6
-0.013948440813682517,inject,1,,41,0.344207227230072,,,1,random_same_norm,,0.3442552387714386,all,6
0.6788154613487918,inject,,,41,0.344207227230072,,,7,occ_features,5,0.3418706953525543,all,6
0.009229694542134403,inject,,,41,0.344207227230072,,,7,color_features,,0.34417545795440674,all,6
7.375512979669219,inject,,,41,0.344207227230072,,,7,mlp_swap_ceiling,,0.31882017850875854,all,6
0.1665327812602202,inject,0,,41,0.344207227230072,,,7,random_same_norm,,0.3436340093612671,all,6
0.06556026929928072,inject,1,,41,0.344207227230072,,,7,random_same_norm,,0.3439815640449524,all,6
0.38378559125198386,inject,,1113,41,0.344207227230072,38.155999163393496,,1,single_feature_1113,,0.34288620948791504,all,6
0.019784101340314386,inject,,93,41,0.344207227230072,31.892732724971566,,5,single_feature_93,,0.34413912892341614,all,6
0.0766081963497145,inject,,564,41,0.344207227230072,30.82558867525743,,1,single_feature_564,,0.3439435362815857,all,6
0.5317476898059392,inject,,,45,0.26119670271873474,,,-2,occ_features,29,0.2598077952861786,all,7
0.5317476898059392,inject,,,45,0.26119670271873474,,,-2,occ_features_uncapped,29,0.2598077952861786,all,7
0.5317476898059392,inject,,,45,0.26119670271873474,,,-2,occ_features_target_specific,29,0.2598077952861786,all,7
-0.7962409349649757,inject,,,45,0.26119670271873474,,,-2,color_features,34,0.26327645778656006,all,7
0.1584038532652987,inject,0,,45,0.26119670271873474,,,-2,random_same_norm,,0.26078295707702637,all,7
0.137238460496647,inject,0,,45,0.26119670271873474,,,-2,random_raw,,0.26083824038505554,all,7
0.06833398236734123,inject,1,,45,0.26119670271873474,,,-2,random_same_norm,,0.26101821660995483,all,7
-0.43559633408551957,inject,1,,45,0.26119670271873474,,,-2,random_raw,,0.2623344659805298,all,7
-0.10557594570796969,inject,2,,45,0.26119670271873474,,,-2,random_same_norm,,0.2614724636077881,all,7
-0.27209224870832216,inject,3,,45,0.26119670271873474,,,-2,random_same_norm,,0.2619073987007141,all,7
-0.052759448065886616,inject,4,,45,0.26119670271873474,,,-2,random_same_norm,,0.26133450865745544,all,7
0.05507566085943827,inject,5,,45,0.26119670271873474,,,-2,random_same_norm,,0.26105284690856934,all,7
0.32970091075084085,inject,6,,45,0.26119670271873474,,,-2,random_same_norm,,0.2603355348110199,all,7
-0.1809726656083699,inject,7,,45,0.26119670271873474,,,-2,random_same_norm,,0.261669397354126,all,7
-0.0690642169426603,inject,8,,45,0.26119670271873474,,,-2,random_same_norm,,0.26137709617614746,all,7
-0.05326148433641986,inject,9,,45,0.26119670271873474,,,-2,random_same_norm,,0.2613358199596405,all,7
0.14104937218653024,inject,0,,45,0.26119670271873474,,,-2,random_same_norm_uncapped,,0.26082828640937805,all,7
-0.12823603737295297,inject,1,,45,0.26119670271873474,,,-2,random_same_norm_uncapped,,0.26153165102005005,all,7
-0.15067934064838528,inject,2,,45,0.26119670271873474,,,-2,random_same_norm_uncapped,,0.26159027218818665,all,7
63.93295271377417,inject,,,45,0.26119670271873474,,,-2,all_tc_features,36864,0.09420593827962875,all,7
93.80467702694577,inject,,,45,0.26119670271873474,,,-2,mlp_swap_ceiling,,0.016181979328393936,all,7
0.6450481481308223,inject,,,45,0.26119670271873474,,,-2,occ_features,,0.2595118582248688,bowl,7
17.97939072650011,inject,,,45,0.26119670271873474,,,-2,mlp_swap_ceiling,,0.2142351269721985,bowl,7
-0.38062336246322825,inject,,,45,0.26119670271873474,,,-2,occ_features,,0.26219087839126587,nonbowl,7
81.705170756798,inject,,,45,0.26119670271873474,,,-2,mlp_swap_ceiling,,0.04778549075126648,nonbowl,7
-0.38574641440560775,remove,,,45,0.26119670271873474,,,-2,occ_features,,0.26220425963401794,all,7
-0.030236275383788147,remove,,,45,0.26119670271873474,,,-2,color_features,,0.26127567887306213,all,7
93.4644526087459,remove,,,45,0.26119670271873474,,,-2,mlp_swap_ceiling,,0.01707063429057598,all,7
0.2738721954856249,inject,,,45,0.26119670271873474,,50,-2,topk_oracle_50,,0.2604813575744629,all,7
1.544138059061606,inject,,,45,0.26119670271873474,,100,-2,topk_oracle_100,,0.25716346502304077,all,7
3.091790372016867,inject,,,45,0.26119670271873474,,200,-2,topk_oracle_200,,0.2531210482120514,all,7
7.671479330881493,inject,,,45,0.26119670271873474,,500,-2,topk_oracle_500,,0.24115905165672302,all,7
23.20468121438466,inject,,,45,0.26119670271873474,,1000,-2,topk_oracle_1000,,0.20058684051036835,all,7
40.3505662227487,inject,,,45,0.26119670271873474,,2000,-2,topk_oracle_2000,,0.15580235421657562,all,7
51.55238172282189,inject,,,45,0.26119670271873474,,5000,-2,topk_oracle_5000,,0.1265435814857483,all,7
0.32846863990501074,inject,,,45,0.26119670271873474,,100,-2,topk_discovery_100,,0.26033875346183777,all,7
4.071514153942801,inject,,,45,0.26119670271873474,,500,-2,topk_discovery_500,,0.25056204199790955,all,7
10.017899875027203,inject,,,45,0.26119670271873474,,2000,-2,topk_discovery_2000,,0.23503027856349945,all,7
21.357318952884697,inject,,,45,0.26119670271873474,,5000,-2,topk_discovery_5000,,0.2054120898246765,all,7
2.7196217567458603,inject,,,45,0.26119670271873474,,500,-2,random_k_500,,0.25409314036369324,all,7
3.5978315227889635,inject,,,45,0.26119670271873474,,2000,-2,random_k_2000,,0.2517992854118347,all,7
0.023059438698347368,inject,,,45,0.26119670271873474,,,5,occ_features,5,0.2611364722251892,all,7
-0.1366565548194476,inject,,,45,0.26119670271873474,,,5,color_features,,0.26155364513397217,all,7
12.950265206364865,inject,,,45,0.26119670271873474,,,5,mlp_swap_ceiling,,0.22737103700637817,all,7
0.08216279963720874,inject,0,,45,0.26119670271873474,,,5,random_same_norm,,0.26098209619522095,all,7
0.06319952050972688,inject,1,,45,0.26119670271873474,,,5,random_same_norm,,0.2610316276550293,all,7
-0.6805329845246177,inject,,,45,0.26119670271873474,,,1,occ_features,3,0.26297423243522644,all,7
-0.05550923763852911,inject,,,45,0.26119670271873474,,,1,color_features,,0.2613416910171509,all,7
22.17175870265613,inject,,,45,0.26119670271873474,,,1,mlp_swap_ceiling,,0.20328480005264282,all,7
0.059377198904597694,inject,0,,45,0.26119670271873474,,,1,random_same_norm,,0.2610416114330292,all,7
-0.10567863494512775,inject,1,,45,0.26119670271873474,,,1,random_same_norm,,0.2614727318286896,all,7
0.02264868174973733,inject,,,45,0.26119670271873474,,,7,occ_features,5,0.26113754510879517,all,7
-0.08495822887080173,inject,,,45,0.26119670271873474,,,7,color_features,,0.2614186108112335,all,7
9.830429262690132,inject,,,45,0.26119670271873474,,,7,mlp_swap_ceiling,,0.23551994562149048,all,7
-0.10246103884767876,inject,0,,45,0.26119670271873474,,,7,random_same_norm,,0.26146432757377625,all,7
0.04755652671682986,inject,1,,45,0.26119670271873474,,,7,random_same_norm,,0.2610724866390228,all,7
-0.5304127297229622,inject,,1113,45,0.26119670271873474,38.155999163393496,,1,single_feature_1113,,0.26258212327957153,all,7
-0.11470387789929148,inject,,93,45,0.26119670271873474,31.892732724971566,,5,single_feature_93,,0.26149630546569824,all,7
-0.18109817467599765,inject,,564,45,0.26119670271873474,30.82558867525743,,1,single_feature_564,,0.26166972517967224,all,7
1.2796031587889223,inject,,,46,0.14208704233169556,,,-2,occ_features,29,0.14026889204978943,all,7
1.2796031587889223,inject,,,46,0.14208704233169556,,,-2,occ_features_uncapped,29,0.14026889204978943,all,7
1.2796031587889223,inject,,,46,0.14208704233169556,,,-2,occ_features_target_specific,29,0.14026889204978943,all,7
-0.5884555284049853,inject,,,46,0.14208704233169556,,,-2,color_features,34,0.14292316138744354,all,7
-0.2120436693129779,inject,0,,46,0.14208704233169556,,,-2,random_same_norm,,0.14238832890987396,all,7
0.05356936855683836,inject,0,,46,0.14208704233169556,,,-2,random_raw,,0.14201092720031738,all,7
-0.07495306912210786,inject,1,,46,0.14208704233169556,,,-2,random_same_norm,,0.14219354093074799,all,7
-0.3013329418057209,inject,1,,46,0.14208704233169556,,,-2,random_raw,,0.14251519739627838,all,7
-0.4311662978616404,inject,2,,46,0.14208704233169556,,,-2,random_same_norm,,0.14269967377185822,all,7
-0.24325401403206826,inject,3,,46,0.14208704233169556,,,-2,random_same_norm,,0.14243267476558685,all,7
-0.44986523759085184,inject,4,,46,0.14208704233169556,,,-2,random_same_norm,,0.14272624254226685,all,7
-0.5189873417721591,inject,5,,46,0.14208704233169556,,,-2,random_same_norm,,0.1428244560956955,all,7
-0.25570249493984676,inject,6,,46,0.14208704233169556,,,-2,random_same_norm,,0.14245036244392395,all,7
-1.008410852306696,inject,7,,46,0.14208704233169556,,,-2,random_same_norm,,0.14351986348628998,all,7
-0.17859951967951204,inject,8,,46,0.14208704233169556,,,-2,random_same_norm,,0.14234080910682678,all,7
-0.5305548855305986,inject,9,,46,0.14208704233169556,,,-2,random_same_norm,,0.1428408920764923,all,7
-0.16719977347330328,inject,0,,46,0.14208704233169556,,,-2,random_same_norm_uncapped,,0.14232461154460907,all,7
-0.269692615858963,inject,1,,46,0.14208704233169556,,,-2,random_same_norm_uncapped,,0.14247024059295654,all,7
-0.03566746720082836,inject,2,,46,0.14208704233169556,,,-2,random_same_norm_uncapped,,0.14213772118091583,all,7
5.3833544828164825,inject,,,46,0.14208704233169556,,,-2,all_tc_features,36864,0.13443799316883087,all,7
13.819365934999428,inject,,,46,0.14208704233169556,,,-2,mlp_swap_ceiling,,0.12245151400566101,all,7
0.9800635533229185,inject,,,46,0.14208704233169556,,,-2,occ_features,,0.1406944990158081,bowl,7
0.18656990341153756,inject,,,46,0.14208704233169556,,,-2,mlp_swap_ceiling,,0.141821950674057,bowl,7
-0.5708997095004831,inject,,,46,0.14208704233169556,,,-2,occ_features,,0.14289821684360504,nonbowl,7
14.475050601449347,inject,,,46,0.14208704233169556,,,-2,mlp_swap_ceiling,,0.12151987105607986,nonbowl,7
-0.12552305643240835,remove,,,46,0.14208704233169556,,,-2,occ_features,,0.14226539433002472,all,7
-0.34642853397375273,remove,,,46,0.14208704233169556,,,-2,color_features,,0.14257927238941193,all,7
80.4353363292188,remove,,,46,0.14208704233169556,,,-2,mlp_swap_ceiling,,0.02779885195195675,all,7
0.028987027151738953,inject,,,46,0.14208704233169556,,50,-2,topk_oracle_50,,0.14204585552215576,all,7
0.2201608759032192,inject,,,46,0.14208704233169556,,100,-2,topk_oracle_100,,0.1417742222547531,all,7
-0.4544691829307945,inject,,,46,0.14208704233169556,,200,-2,topk_oracle_200,,0.14273278415203094,all,7
0.42778937212253343,inject,,,46,0.14208704233169556,,500,-2,topk_oracle_500,,0.14147920906543732,all,7
-3.078267070779095,inject,,,46,0.14208704233169556,,1000,-2,topk_oracle_1000,,0.1464608609676361,all,7
-6.36382704267302,inject,,,46,0.14208704233169556,,2000,-2,topk_oracle_2000,,0.15112921595573425,all,7
-2.4395037387392016,inject,,,46,0.14208704233169556,,5000,-2,topk_oracle_5000,,0.14555326104164124,all,7
0.2071146162155313,inject,,,46,0.14208704233169556,,100,-2,topk_discovery_100,,0.14179275929927826,all,7
-6.117154153513793,inject,,,46,0.14208704233169556,,500,-2,topk_discovery_500,,0.15077872574329376,all,7
-7.674200077606375,inject,,,46,0.14208704233169556,,2000,-2,topk_discovery_2000,,0.15299108624458313,all,7
-6.960787809507818,inject,,,46,0.14208704233169556,,5000,-2,topk_discovery_5000,,0.15197741985321045,all,7
-0.1873984038257781,inject,,,46,0.14208704233169556,,500,-2,random_k_500,,0.14235331118106842,all,7
-2.971956834079692,inject,,,46,0.14208704233169556,,2000,-2,random_k_2000,,0.14630980789661407,all,7
0.15204555703544065,inject,,,46,0.14208704233169556,,,5,occ_features,5,0.14187100529670715,all,7
0.03542625821946199,inject,,,46,0.14208704233169556,,,5,color_features,,0.14203670620918274,all,7
-0.25608003943242696,inject,,,46,0.14208704233169556,,,5,mlp_swap_ceiling,,0.14245089888572693,all,7
-0.1786834184556385,inject,0,,46,0.14208704233169556,,,5,random_same_norm,,0.14234092831611633,all,7
0.33085482365525776,inject,1,,46,0.14208704233169556,,,5,random_same_norm,,0.14161694049835205,all,7
-0.42610090925299104,inject,,,46,0.14208704233169556,,,1,occ_features,3,0.1426924765110016,all,7
0.0693528258156495,inject,,,46,0.14208704233169556,,,1,color_features,,0.14198850095272064,all,7
-7.182563736851488,inject,,,46,0.14208704233169556,,,1,mlp_swap_ceiling,,0.15229253470897675,all,7
0.0,inject,0,,46,0.14208704233169556,,,1,random_same_norm,,0.14208704233169556,all,7
0.0,inject,1,,46,0.14208704233169556,,,1,random_same_norm,,0.14208704233169556,all,7
-0.010497834362843683,inject,,,46,0.14208704233169556,,,7,occ_features,5,0.1421019583940506,all,7
-0.13194131280609422,inject,,,46,0.14208704233169556,,,7,color_features,,0.14227451384067535,all,7
5.314421150881465,inject,,,46,0.14208704233169556,,,7,mlp_swap_ceiling,,0.13453593850135803,all,7
-0.2847734208677233,inject,0,,46,0.14208704233169556,,,7,random_same_norm,,0.1424916684627533,all,7
0.0,inject,1,,46,0.14208704233169556,,,7,random_same_norm,,0.14208704233169556,all,7
0.1201745094543405,inject,,1113,46,0.14208704233169556,38.155999163393496,,1,single_feature_1113,,0.14191628992557526,all,7
-0.03277295942445413,inject,,93,46,0.14208704233169556,31.892732724971566,,5,single_feature_93,,0.14213360846042633,all,7
-0.5724832988998729,inject,,564,46,0.14208704233169556,30.82558867525743,,1,single_feature_564,,0.1429004669189453,all,7
0.9825399517563671,inject,,,47,0.11070013046264648,,,-2,occ_features,29,0.10961245745420456,all,7
0.9825399517563671,inject,,,47,0.11070013046264648,,,-2,occ_features_uncapped,29,0.10961245745420456,all,7
0.9825399517563671,inject,,,47,0.11070013046264648,,,-2,occ_features_target_specific,29,0.10961245745420456,all,7
0.7124146583101787,inject,,,47,0.11070013046264648,,,-2,color_features,34,0.1099114865064621,all,7
0.4909368202278608,inject,0,,47,0.11070013046264648,,,-2,random_same_norm,,0.11015666276216507,all,7
-0.007322693889855181,inject,0,,47,0.11070013046264648,,,-2,random_raw,,0.11070823669433594,all,7
0.0419035773513432,inject,1,,47,0.11070013046264648,,,-2,random_same_norm,,0.11065374314785004,all,7
0.7518077900540598,inject,1,,47,0.11070013046264648,,,-2,random_raw,,0.1098678782582283,all,7
0.92132007710366,inject,2,,47,0.11070013046264648,,,-2,random_same_norm,,0.10968022793531418,all,7
0.26379197088152173,inject,3,,47,0.11070013046264648,,,-2,random_same_norm,,0.11040811240673065,all,7
-0.18660081626500347,inject,4,,47,0.11070013046264648,,,-2,random_same_norm,,0.1109066978096962,all,7
0.42846508798001226,inject,5,,47,0.11070013046264648,,,-2,random_same_norm,,0.11022581905126572,all,7
0.6497813960500531,inject,6,,47,0.11070013046264648,,,-2,random_same_norm,,0.10998082160949707,all,7
0.8766435678749129,inject,7,,47,0.11070013046264648,,,-2,random_same_norm,,0.10972968488931656,all,7
0.8362610648058433,inject,8,,47,0.11070013046264648,,,-2,random_same_norm,,0.1097743883728981,all,7
0.4171176046176006,inject,9,,47,0.11070013046264648,,,-2,random_same_norm,,0.11023838073015213,all,7
0.3365275893260966,inject,0,,47,0.11070013046264648,,,-2,random_same_norm_uncapped,,0.1103275939822197,all,7
0.7979582606448266,inject,1,,47,0.11070013046264648,,,-2,random_same_norm_uncapped,,0.1098167896270752,all,7
0.18351828519739266,inject,2,,47,0.11070013046264648,,,-2,random_same_norm_uncapped,,0.11049697548151016,all,7
49.61250632659214,inject,,,47,0.11070013046264648,,,-2,all_tc_features,36864,0.055779021233320236,all,7
88.01870399759859,inject,,,47,0.11070013046264648,,,-2,mlp_swap_ceiling,,0.013263310305774212,all,7
0.8622606663651444,inject,,,47,0.11070013046264648,,,-2,occ_features,,0.10974560678005219,bowl,7
32.61502955999225,inject,,,47,0.11070013046264648,,,-2,mlp_swap_ceiling,,0.07459525018930435,bowl,7
0.6530187267127618,inject,,,47,0.11070013046264648,,,-2,occ_features,,0.10997723788022995,nonbowl,7
83.8564987562189,inject,,,47,0.11070013046264648,,,-2,mlp_swap_ceiling,,0.01787087693810463,nonbowl,7
0.8080875384979813,remove,,,47,0.11070013046264648,,,-2,occ_features,,0.10980557650327682,all,7
0.0029815748099348838,remove,,,47,0.11070013046264648,,,-2,color_features,,0.11069682985544205,all,7
89.20430736603777,remove,,,47,0.11070013046264648,,,-2,mlp_swap_ceiling,,0.011950845830142498,all,7
0.6118554952510125,inject,,,47,0.11070013046264648,,50,-2,topk_oracle_50,,0.11002280563116074,all,7
1.5685371842088291,inject,,,47,0.11070013046264648,,100,-2,topk_oracle_100,,0.10896375775337219,all,7
5.804877129503994,inject,,,47,0.11070013046264648,,200,-2,topk_oracle_200,,0.10427412390708923,all,7
9.269520901983586,inject,,,47,0.11070013046264648,,500,-2,topk_oracle_500,,0.10043875873088837,all,7
17.527009164136032,inject,,,47,0.11070013046264648,,1000,-2,topk_oracle_1000,,0.0912977084517479,all,7
36.10031552195731,inject,,,47,0.11070013046264648,,2000,-2,topk_oracle_2000,,0.07073703408241272,all,7
39.94515383041502,inject,,,47,0.11070013046264648,,5000,-2,topk_oracle_5000,,0.06648079305887222,all,7
0.9418141974112171,inject,,,47,0.11070013046264648,,100,-2,topk_discovery_100,,0.10965754091739655,all,7
9.354579914281402,inject,,,47,0.11070013046264648,,500,-2,topk_discovery_500,,0.10034459829330444,all,7
23.499520794296913,inject,,,47,0.11070013046264648,,2000,-2,topk_discovery_2000,,0.08468613028526306,all,7
24.57418669638819,inject,,,47,0.11070013046264648,,5000,-2,topk_discovery_5000,,0.08349647372961044,all,7
-0.14592890525726432,inject,,,47,0.11070013046264648,,500,-2,random_k_500,,0.11086167395114899,all,7
7.702255766621436,inject,,,47,0.11070013046264648,,2000,-2,random_k_2000,,0.10217372328042984,all,7
-0.05951707910663018,inject,,,47,0.11070013046264648,,,5,occ_features,5,0.11076601594686508,all,7
0.10375611121880013,inject,,,47,0.11070013046264648,,,5,color_features,,0.1105852723121643,all,7
8.544796310654522,inject,,,47,0.11070013046264648,,,5,mlp_swap_ceiling,,0.10124102979898453,all,7
0.329023174172427,inject,0,,47,0.11070013046264648,,,5,random_same_norm,,0.11033590137958527,all,7
0.2954585837048551,inject,1,,47,0.11070013046264648,,,5,random_same_norm,,0.11037305742502213,all,7
-0.1622232452456407,inject,,,47,0.11070013046264648,,,1,occ_features,3,0.11087971180677414,all,7
0.9089159182442796,inject,,,47,0.11070013046264648,,,1,color_features,,0.10969395935535431,all,7
14.484981747108616,inject,,,47,0.11070013046264648,,,1,mlp_swap_ceiling,,0.09466523677110672,all,7
0.0,inject,0,,47,0.11070013046264648,,,1,random_same_norm,,0.11070013046264648,all,7
0.1674595098102527,inject,1,,47,0.11070013046264648,,,1,random_same_norm,,0.11051475256681442,all,7
-0.4663640671103364,inject,,,47,0.11070013046264648,,,7,occ_features,5,0.11121639609336853,all,7
0.45011010962503484,inject,,,47,0.11070013046264648,,,7,color_features,,0.11020185798406601,all,7
10.967046531412205,inject,,,47,0.11070013046264648,,,7,mlp_swap_ceiling,,0.09855959564447403,all,7
-0.3342998212401138,inject,0,,47,0.11070013046264648,,,7,random_same_norm,,0.11107020080089569,all,7
-0.03555679395230715,inject,1,,47,0.11070013046264648,,,7,random_same_norm,,0.11073949187994003,all,7
0.46887451271779845,inject,,1113,47,0.11070013046264648,38.155999163393496,,1,single_feature_1113,,0.11018108576536179,all,7
0.676030023044949,inject,,93,47,0.11070013046264648,31.892732724971566,,5,single_feature_93,,0.10995176434516907,all,7
1.1282400228295741,inject,,564,47,0.11070013046264648,30.82558867525743,,1,single_feature_564,,0.10945116728544235,all,7
-0.35689771426354877,inject,,,50,0.24574756622314453,,,-2,occ_features,29,0.2466246336698532,all,8
-0.35689771426354877,inject,,,50,0.24574756622314453,,,-2,occ_features_uncapped,29,0.2466246336698532,all,8
-0.35689771426354877,inject,,,50,0.24574756622314453,,,-2,occ_features_target_specific,29,0.2466246336698532,all,8
-0.4393081669480159,inject,,,50,0.24574756622314453,,,-2,color_features,34,0.2468271553516388,all,8
-0.18529769874071622,inject,0,,50,0.24574756622314453,,,-2,random_same_norm,,0.24620293080806732,all,8
-1.0328198672798106,inject,0,,50,0.24574756622314453,,,-2,random_raw,,0.2482856959104538,all,8
-0.18291470205871185,inject,1,,50,0.24574756622314453,,,-2,random_same_norm,,0.24619707465171814,all,8
-0.10602819333682678,inject,1,,50,0.24574756622314453,,,-2,random_raw,,0.24600812792778015,all,8
-0.26427615111472846,inject,2,,50,0.24574756622314453,,,-2,random_same_norm,,0.2463970184326172,all,8
-0.27391728272891935,inject,3,,50,0.24574756622314453,,,-2,random_same_norm,,0.2464207112789154,all,8
-0.29965122145254597,inject,4,,50,0.24574756622314453,,,-2,random_same_norm,,0.2464839518070221,all,8
-0.40379363370006693,inject,5,,50,0.24574756622314453,,,-2,random_same_norm,,0.24673987925052643,all,8
0.20884267613558993,inject,6,,50,0.24574756622314453,,,-2,random_same_norm,,0.24523434042930603,all,8
-0.1184585831538465,inject,7,,50,0.24574756622314453,,,-2,random_same_norm,,0.24603867530822754,all,8
-0.2069811494654239,inject,8,,50,0.24574756622314453,,,-2,random_same_norm,,0.24625621736049652,all,8
-0.43335977065022124,inject,9,,50,0.24574756622314453,,,-2,random_same_norm,,0.24681253731250763,all,8
-0.3652412344529177,inject,0,,50,0.24574756622314453,,,-2,random_same_norm_uncapped,,0.24664513766765594,all,8
-0.5773097483361411,inject,1,,50,0.24574756622314453,,,-2,random_same_norm_uncapped,,0.24716629087924957,all,8
-0.18280555717251623,inject,2,,50,0.24574756622314453,,,-2,random_same_norm_uncapped,,0.24619680643081665,all,8
38.694608970254386,inject,,,50,0.24574756622314453,,,-2,all_tc_features,36864,0.15065650641918182,all,8
48.44351509595049,inject,,,50,0.24574756622314453,,,-2,mlp_swap_ceiling,,0.1266988068819046,all,8
-0.677801870500816,inject,,,50,0.24574756622314453,,,-2,occ_features,,0.2474132478237152,bowl,8
33.57771479713604,inject,,,50,0.24574756622314453,,,-2,mlp_swap_ceiling,,0.16323114931583405,bowl,8
-0.09146341463415197,inject,,,50,0.24574756622314453,,,-2,occ_features,,0.24597233533859253,nonbowl,8
39.518707433494384,inject,,,50,0.24574756622314453,,,-2,mlp_swap_ceiling,,0.14863130450248718,nonbowl,8
-0.06874308749054148,remove,,,50,0.24574756622314453,,,-2,occ_features,,0.24591650068759918,all,8
-0.20762389157304995,remove,,,50,0.24574756622314453,,,-2,color_features,,0.24625779688358307,all,8
91.28993717499078,remove,,,50,0.24574756622314453,,,-2,mlp_swap_ceiling,,0.021404767408967018,all,8
0.038000611211364,inject,,,50,0.24574756622314453,,50,-2,topk_oracle_50,,0.2456541806459427,all,8
0.04069891534237424,inject,,,50,0.24574756622314453,,100,-2,topk_oracle_100,,0.24564754962921143,all,8
0.3446734870093282,inject,,,50,0.24574756622314453,,200,-2,topk_oracle_200,,0.24490053951740265,all,8
3.7927302229466164,inject,,,50,0.24574756622314453,,500,-2,topk_oracle_500,,0.23642702400684357,all,8
11.867438684828379,inject,,,50,0.24574756622314453,,1000,-2,topk_oracle_1000,,0.21658362448215485,all,8
16.13048028600811,inject,,,50,0.24574756622314453,,2000,-2,topk_oracle_2000,,0.20610730350017548,all,8
30.30304684013427,inject,,,50,0.24574756622314453,,5000,-2,topk_oracle_5000,,0.17127856612205505,all,8
-0.05607015348196853,inject,,,50,0.24574756622314453,,100,-2,topk_discovery_100,,0.24588535726070404,all,8
2.0841883016085583,inject,,,50,0.24574756622314453,,500,-2,topk_discovery_500,,0.24062572419643402,all,8
6.794651172943711,inject,,,50,0.24574756622314453,,2000,-2,topk_discovery_2000,,0.22904987633228302,all,8
9.180370413489335,inject,,,50,0.24574756622314453,,5000,-2,topk_discovery_5000,,0.22318702936172485,all,8
0.5181047111783799,inject,,,50,0.24574756622314453,,500,-2,random_k_500,,0.24447433650493622,all,8
3.691850030075483,inject,,,50,0.24574756622314453,,2000,-2,random_k_2000,,0.2366749346256256,all,8
-0.08097944195433193,inject,,,50,0.24574756622314453,,,5,occ_features,5,0.24594657123088837,all,8
-0.7065494208044809,inject,,,50,0.24574756622314453,,,5,color_features,,0.24748389422893524,all,8
16.012506791237367,inject,,,50,0.24574756622314453,,,5,mlp_swap_ceiling,,0.20639722049236298,all,8
0.0439429439043848,inject,0,,50,0.24574756622314453,,,5,random_same_norm,,0.24563957750797272,all,8
0.04241491549760168,inject,1,,50,0.24574756622314453,,,5,random_same_norm,,0.24564333260059357,all,8
-0.48118948522419824,inject,,,50,0.24574756622314453,,,1,occ_features,3,0.2469300776720047,all,8
-0.4225301724974262,inject,,,50,0.24574756622314453,,,1,color_features,,0.24678592383861542,all,8
9.831286260356642,inject,,,50,0.24574756622314453,,,1,mlp_swap_ceiling,,0.2215874195098877,all,8
0.0,inject,0,,50,0.24574756622314453,,,1,random_same_norm,,0.24574756622314453,all,8
-0.19421119778022522,inject,1,,50,0.24574756622314453,,,1,random_same_norm,,0.24622483551502228,all,8
-0.38479029629199246,inject,,,50,0.24574756622314453,,,7,occ_features,5,0.2466931790113449,all,8
-0.18584948677649038,inject,,,50,0.24574756622314453,,,7,color_features,,0.24620428681373596,all,8
12.687007635291147,inject,,,50,0.24574756622314453,,,7,mlp_swap_ceiling,,0.214569553732872,all,8
-0.16996890583464985,inject,0,,50,0.24574756622314453,,,7,random_same_norm,,0.24616526067256927,all,8
0.0,inject,1,,50,0.24574756622314453,,,7,random_same_norm,,0.24574756622314453,all,8
0.0,inject,,1113,50,0.24574756622314453,38.155999163393496,,1,single_feature_1113,,0.24574756622314453,all,8
-0.06352232376738431,inject,,93,50,0.24574756622314453,31.892732724971566,,5,single_feature_93,,0.24590367078781128,all,8
-0.06428027436597983,inject,,564,50,0.24574756622314453,30.82558867525743,,1,single_feature_564,,0.2459055334329605,all,8
1.4125973244315304,inject,,,51,0.2271033674478531,,,-2,occ_features,29,0.22389531135559082,all,8
1.4125973244315304,inject,,,51,0.2271033674478531,,,-2,occ_features_uncapped,29,0.22389531135559082,all,8
1.4125973244315304,inject,,,51,0.2271033674478531,,,-2,occ_features_target_specific,29,0.22389531135559082,all,8
0.00860855728650467,inject,,,51,0.2271033674478531,,,-2,color_features,34,0.22708381712436676,all,8
0.19222278526327408,inject,0,,51,0.2271033674478531,,,-2,random_same_norm,,0.22666682302951813,all,8
0.3666904211231392,inject,0,,51,0.2271033674478531,,,-2,random_raw,,0.22627060115337372,all,8
-0.007151926404191933,inject,1,,51,0.2271033674478531,,,-2,random_same_norm,,0.22711960971355438,all,8
0.15492778555559195,inject,1,,51,0.2271033674478531,,,-2,random_raw,,0.22675152122974396,all,8
-0.07575792868137476,inject,2,,51,0.2271033674478531,,,-2,random_same_norm,,0.22727541625499725,all,8
0.06901280910018848,inject,3,,51,0.2271033674478531,,,-2,random_same_norm,,0.2269466370344162,all,8
0.08840174719593197,inject,4,,51,0.2271033674478531,,,-2,random_same_norm,,0.22690260410308838,all,8
-0.05173664192383853,inject,5,,51,0.2271033674478531,,,-2,random_same_norm,,0.22722086310386658,all,8
0.2916608078829208,inject,6,,51,0.2271033674478531,,,-2,random_same_norm,,0.22644099593162537,all,8
-0.0007808066441183925,inject,7,,51,0.2271033674478531,,,-2,random_same_norm,,0.22710514068603516,all,8
0.19141573301766357,inject,8,,51,0.2271033674478531,,,-2,random_same_norm,,0.22666865587234497,all,8
0.22330413881981315,inject,9,,51,0.2271033674478531,,,-2,random_same_norm,,0.22659623622894287,all,8
-0.012624134313443669,inject,0,,51,0.2271033674478531,,,-2,random_same_norm_uncapped,,0.22713203728199005,all,8
0.011528380451519826,inject,1,,51,0.2271033674478531,,,-2,random_same_norm_uncapped,,0.2270771861076355,all,8
0.20326562208735632,inject,2,,51,0.2271033674478531,,,-2,random_same_norm_uncapped,,0.22664174437522888,all,8
14.05956531116227,inject,,,51,0.2271033674478531,,,-2,all_tc_features,36864,0.19517362117767334,all,8
42.09419821951151,inject,,,51,0.2271033674478531,,,-2,mlp_swap_ceiling,,0.1315060257911682,all,8
2.0396637964695596,inject,,,51,0.2271033674478531,,,-2,occ_features,,0.222471222281456,bowl,8
56.04692424843587,inject,,,51,0.2271033674478531,,,-2,mlp_swap_ceiling,,0.09981891512870789,bowl,8
-0.4602625518112857,inject,,,51,0.2271033674478531,,,-2,occ_features,,0.22814863920211792,nonbowl,8
18.7211646958079,inject,,,51,0.2271033674478531,,,-2,mlp_swap_ceiling,,0.18458697199821472,nonbowl,8
41.032511148311336,remove,,,51,0.2271033674478531,,,-2,occ_features,,0.13391715288162231,all,8
-0.30882543125296813,remove,,,51,0.2271033674478531,,,-2,color_features,,0.22780472040176392,all,8
89.66011552395176,remove,,,51,0.2271033674478531,,,-2,mlp_swap_ceiling,,0.023482225835323334,all,8
0.1340887779778921,inject,,,51,0.2271033674478531,,50,-2,topk_oracle_50,,0.22679884731769562,all,8
-0.114279910258408,inject,,,51,0.2271033674478531,,100,-2,topk_oracle_100,,0.22736290097236633,all,8
0.3604570907708715,inject,,,51,0.2271033674478531,,200,-2,topk_oracle_200,,0.22628475725650787,all,8
2.982622327959916,inject,,,51,0.2271033674478531,,500,-2,topk_oracle_500,,0.22032973170280457,all,8
7.172247061132375,inject,,,51,0.2271033674478531,,1000,-2,topk_oracle_1000,,0.2108149528503418,all,8
9.22500741274207,inject,,,51,0.2271033674478531,,2000,-2,topk_oracle_2000,,0.20615306496620178,all,8
11.329025424048545,inject,,,51,0.2271033674478531,,5000,-2,topk_oracle_5000,,0.20137476921081543,all,8
-0.05586376275708016,inject,,,51,0.2271033674478531,,100,-2,topk_discovery_100,,0.2272302359342575,all,8
0.49764941112415695,inject,,,51,0.2271033674478531,,500,-2,topk_discovery_500,,0.2259731888771057,all,8
3.65859747836198,inject,,,51,0.2271033674478531,,2000,-2,topk_discovery_2000,,0.2187945693731308,all,8
9.995125535664528,inject,,,51,0.2271033674478531,,5000,-2,topk_discovery_5000,,0.2044041007757187,all,8
0.12007362678584377,inject,,,51,0.2271033674478531,,500,-2,random_k_500,,0.22683067619800568,all,8
1.034076698439812,inject,,,51,0.2271033674478531,,2000,-2,random_k_2000,,0.2247549444437027,all,8
1.098667123690078,inject,,,51,0.2271033674478531,,,5,occ_features,5,0.22460825741291046,all,8
0.04652689002941912,inject,,,51,0.2271033674478531,,,5,color_features,,0.22699770331382751,all,8
8.563998816585826,inject,,,51,0.2271033674478531,,,5,mlp_swap_ceiling,,0.20765423774719238,all,8
0.0,inject,0,,51,0.2271033674478531,,,5,random_same_norm,,0.2271033674478531,all,8
0.16385129005989096,inject,1,,51,0.2271033674478531,,,5,random_same_norm,,0.22673125565052032,all,8
0.13589316307986987,inject,,,51,0.2271033674478531,,,1,occ_features,3,0.2267947494983673,all,8
0.04552955717305185,inject,,,51,0.2271033674478531,,,1,color_features,,0.22699996829032898,all,8
3.467680411772489,inject,,,51,0.2271033674478531,,,1,mlp_swap_ceiling,,0.21922814846038818,all,8
0.03995236685786496,inject,0,,51,0.2271033674478531,,,1,random_same_norm,,0.22701263427734375,all,8
-0.0832707321059667,inject,1,,51,0.2271033674478531,,,1,random_same_norm,,0.2272924780845642,all,8
0.46085963924502593,inject,,,51,0.2271033674478531,,,7,occ_features,5,0.22605673968791962,all,8
0.246209987514312,inject,,,51,0.2271033674478531,,,7,color_features,,0.22654421627521515,all,8
0.9409310587757735,inject,,,51,0.2271033674478531,,,7,mlp_swap_ceiling,,0.22496648132801056,all,8
-0.12071664402217852,inject,0,,51,0.2271033674478531,,,7,random_same_norm,,0.2273775190114975,all,8
0.14792020995956223,inject,1,,51,0.2271033674478531,,,7,random_same_norm,,0.226767435669899,all,8
-0.12463380004354985,inject,,1113,51,0.2271033674478531,38.155999163393496,,1,single_feature_1113,,0.22738641500473022,all,8
0.13595221568319937,inject,,93,51,0.2271033674478531,31.892732724971566,,5,single_feature_93,,0.22679461538791656,all,8
0.2403112885809522,inject,,564,51,0.2271033674478531,30.82558867525743,,1,single_feature_564,,0.22655761241912842,all,8
0.2580881079312536,inject,,,52,0.2245323359966278,,,-2,occ_features,29,0.22395284473896027,all,8
0.2580881079312536,inject,,,52,0.2245323359966278,,,-2,occ_features_uncapped,29,0.22395284473896027,all,8
0.2580881079312536,inject,,,52,0.2245323359966278,,,-2,occ_features_target_specific,29,0.22395284473896027,all,8
0.4051868482510379,inject,,,52,0.2245323359966278,,,-2,color_features,34,0.22362256050109863,all,8
-0.06445400252585998,inject,0,,52,0.2245323359966278,,,-2,random_same_norm,,0.22467705607414246,all,8
-0.40900949090496574,inject,0,,52,0.2245323359966278,,,-2,random_raw,,0.22545069456100464,all,8
-0.6229580219416997,inject,1,,52,0.2245323359966278,,,-2,random_same_norm,,0.2259310781955719,all,8
-1.0816552308152705,inject,1,,52,0.2245323359966278,,,-2,random_raw,,0.22696100175380707,all,8
-0.4773591379409803,inject,2,,52,0.2245323359966278,,,-2,random_same_norm,,0.22560416162014008,all,8
-0.4338035758963743,inject,3,,52,0.2245323359966278,,,-2,random_same_norm,,0.22550636529922485,all,8
-0.37610556333873557,inject,4,,52,0.2245323359966278,,,-2,random_same_norm,,0.22537681460380554,all,8
-0.26161874316021905,inject,5,,52,0.2245323359966278,,,-2,random_same_norm,,0.22511975467205048,all,8
-0.12351914075487969,inject,6,,52,0.2245323359966278,,,-2,random_same_norm,,0.2248096764087677,all,8
-0.05531549743134079,inject,7,,52,0.2245323359966278,,,-2,random_same_norm,,0.22465653717517853,all,8
0.08704475876536444,inject,8,,52,0.2245323359966278,,,-2,random_same_norm,,0.2243368923664093,all,8
-0.27152044947906795,inject,9,,52,0.2245323359966278,,,-2,random_same_norm,,0.2251419872045517,all,8
-0.6653322812217422,inject,0,,52,0.2245323359966278,,,-2,random_same_norm_uncapped,,0.22602622210979462,all,8
-0.8020913040852395,inject,1,,52,0.2245323359966278,,,-2,random_same_norm_uncapped,,0.22633329033851624,all,8
0.0,inject,2,,52,0.2245323359966278,,,-2,random_same_norm_uncapped,,0.2245323359966278,all,8
37.986867629716,inject,,,52,0.2245323359966278,,,-2,all_tc_features,36864,0.13923953473567963,all,8
90.34408512414629,inject,,,52,0.2245323359966278,,,-2,mlp_swap_ceiling,,0.021680651232600212,all,8
0.5183596350172626,inject,,,52,0.2245323359966278,,,-2,occ_features,,0.22336845099925995,bowl,8
36.74509278204101,inject,,,52,0.2245323359966278,,,-2,mlp_swap_ceiling,,0.14202772080898285,bowl,8
-1.674503305324948,inject,,,52,0.2245323359966278,,,-2,occ_features,,0.22829213738441467,nonbowl,8
77.99375303206573,inject,,,52,0.2245323359966278,,,-2,mlp_swap_ceiling,,0.049411140382289886,nonbowl,8
0.9153039100457838,remove,,,52,0.2245323359966278,,,-2,occ_features,,0.22247718274593353,all,8
-1.0379669381229695,remove,,,52,0.2245323359966278,,,-2,color_features,,0.22686290740966797,all,8
93.08882218805145,remove,,,52,0.2245323359966278,,,-2,mlp_swap_ceiling,,0.015517828986048698,all,8
-0.12456107633935787,inject,,,52,0.2245323359966278,,50,-2,topk_oracle_50,,0.22481201589107513,all,8
-0.14098649399294505,inject,,,52,0.2245323359966278,,100,-2,topk_oracle_100,,0.2248488962650299,all,8
-0.436610829095363,inject,,,52,0.2245323359966278,,200,-2,topk_oracle_200,,0.22551266849040985,all,8
7.963938410324856,inject,,,52,0.2245323359966278,,500,-2,topk_oracle_500,,0.2066507190465927,all,8
10.683761931655667,inject,,,52,0.2245323359966278,,1000,-2,topk_oracle_1000,,0.2005438357591629,all,8
16.828998460988142,inject,,,52,0.2245323359966278,,2000,-2,topk_oracle_2000,,0.1867457926273346,all,8
25.49488290170433,inject,,,52,0.2245323359966278,,5000,-2,topk_oracle_5000,,0.16728807985782623,all,8
-0.15302516373985053,inject,,,52,0.2245323359966278,,100,-2,topk_discovery_100,,0.22487592697143555,all,8
-1.5551585434404158,inject,,,52,0.2245323359966278,,500,-2,topk_discovery_500,,0.2280241698026657,all,8
11.093720446691723,inject,,,52,0.2245323359966278,,2000,-2,topk_discovery_2000,,0.19962334632873535,all,8
15.865918154300706,inject,,,52,0.2245323359966278,,5000,-2,topk_discovery_5000,,0.18890821933746338,all,8
0.2819862610506596,inject,,,52,0.2245323359966278,,500,-2,random_k_500,,0.22389918565750122,all,8
0.1489105136609714,inject,,,52,0.2245323359966278,,2000,-2,random_k_2000,,0.22419798374176025,all,8
-0.18963891290944002,inject,,,52,0.2245323359966278,,,5,occ_features,5,0.224958136677742,all,8
0.09263271903376946,inject,,,52,0.2245323359966278,,,5,color_features,,0.22432434558868408,all,8
5.70741121481062,inject,,,52,0.2245323359966278,,,5,mlp_swap_ceiling,,0.21171735227108002,all,8
0.0,inject,0,,52,0.2245323359966278,,,5,random_same_norm,,0.2245323359966278,all,8
-0.47497662281468234,inject,1,,52,0.2245323359966278,,,5,random_same_norm,,0.22559881210327148,all,8
-1.2225023576281302,inject,,,52,0.2245323359966278,,,1,occ_features,3,0.2272772490978241,all,8
-0.9269112051876416,inject,,,52,0.2245323359966278,,,1,color_features,,0.22661355137825012,all,8
3.3421377996311397,inject,,,52,0.2245323359966278,,,1,mlp_swap_ceiling,,0.2170281559228897,all,8
0.0,inject,0,,52,0.2245323359966278,,,1,random_same_norm,,0.2245323359966278,all,8
0.0,inject,1,,52,0.2245323359966278,,,1,random_same_norm,,0.2245323359966278,all,8
0.16673623964783557,inject,,,52,0.2245323359966278,,,7,occ_features,5,0.22415795922279358,all,8
-0.4646169957612578,inject,,,52,0.2245323359966278,,,7,color_features,,0.2255755513906479,all,8
5.844296331789456,inject,,,52,0.2245323359966278,,,7,mlp_swap_ceiling,,0.21141000092029572,all,8
-0.10471120797499456,inject,0,,52,0.2245323359966278,,,7,random_same_norm,,0.22476744651794434,all,8
0.0,inject,1,,52,0.2245323359966278,,,7,random_same_norm,,0.2245323359966278,all,8
-0.584559045560451,inject,,1113,52,0.2245323359966278,38.155999163393496,,1,single_feature_1113,,0.2258448600769043,all,8
-0.24294354102802895,inject,,93,52,0.2245323359966278,31.892732724971566,,5,single_feature_93,,0.225077822804451,all,8
0.0,inject,,564,52,0.2245323359966278,30.82558867525743,,1,single_feature_564,,0.2245323359966278,all,8
-0.8296513730505328,inject,,,53,0.10949861258268356,,,-2,occ_features,29,0.11040706932544708,all,8
-0.8296513730505328,inject,,,53,0.10949861258268356,,,-2,occ_features_uncapped,29,0.11040706932544708,all,8
-0.8296513730505328,inject,,,53,0.10949861258268356,,,-2,occ_features_target_specific,29,0.11040706932544708,all,8
-0.308008863241338,inject,,,53,0.10949861258268356,,,-2,color_features,34,0.10983587801456451,all,8
-0.5074283910182276,inject,0,,53,0.10949861258268356,,,-2,random_same_norm,,0.11005423963069916,all,8
-1.3406860268544207,inject,0,,53,0.10949861258268356,,,-2,random_raw,,0.11096664518117905,all,8
-0.30948538970261286,inject,1,,53,0.10949861258268356,,,-2,random_same_norm,,0.10983749479055405,all,8
-0.03711048534513761,inject,1,,53,0.10949861258268356,,,-2,random_raw,,0.10953924804925919,all,8
0.14761862478230858,inject,2,,53,0.10949861258268356,,,-2,random_same_norm,,0.1093369722366333,all,8
-0.38342738534720144,inject,3,,53,0.10949861258268356,,,-2,random_same_norm,,0.10991846024990082,all,8
0.052052660962642605,inject,4,,53,0.10949861258268356,,,-2,random_same_norm,,0.1094416156411171,all,8
0.1411953944622124,inject,5,,53,0.10949861258268356,,,-2,random_same_norm,,0.1093440055847168,all,8
-0.47069894475988416,inject,6,,53,0.10949861258268356,,,-2,random_same_norm,,0.11001402139663696,all,8
-0.10226136491602311,inject,7,,53,0.10949861258268356,,,-2,random_same_norm,,0.10961058735847473,all,8
0.037477915893102676,inject,8,,53,0.10949861258268356,,,-2,random_same_norm,,0.1094575747847557,all,8
-0.11071907178878959,inject,9,,53,0.10949861258268356,,,-2,random_same_norm,,0.10961984843015671,all,8
-0.302456579405308,inject,0,,53,0.10949861258268356,,,-2,random_same_norm_uncapped,,0.10982979834079742,all,8
-0.31575892609576606,inject,1,,53,0.10949861258268356,,,-2,random_same_norm_uncapped,,0.10984436422586441,all,8
-0.18195977247883466,inject,2,,53,0.10949861258268356,,,-2,random_same_norm_uncapped,,0.1096978560090065,all,8
29.605246908225034,inject,,,53,0.10949861258268356,,,-2,all_tc_features,36864,0.07708127796649933,all,8
77.6780362606321,inject,,,53,0.10949861258268356,,,-2,mlp_swap_ceiling,,0.024442240595817566,all,8
-0.8679117799254232,inject,,,53,0.10949861258268356,,,-2,occ_features,,0.11044896394014359,bowl,8
18.62932755786946,inject,,,53,0.10949861258268356,,,-2,mlp_swap_ceiling,,0.08909975737333298,bowl,8
0.20540728485495263,inject,,,53,0.10949861258268356,,,-2,occ_features,,0.10927369445562363,nonbowl,8
52.17462408963127,inject,,,53,0.10949861258268356,,,-2,mlp_swap_ceiling,,0.05236812308430672,nonbowl,8
-0.1734748485284543,remove,,,53,0.10949861258268356,,,-2,occ_features,,0.10968856513500214,all,8
0.5532075155877281,remove,,,53,0.10949861258268356,,,-2,color_features,,0.10889285802841187,all,8
80.33028093807741,remove,,,53,0.10949861258268356,,,-2,mlp_swap_ceiling,,0.02153806947171688,all,8
0.13473814279507668,inject,,,53,0.10949861258268356,,50,-2,topk_oracle_50,,0.10935107618570328,all,8
0.3216650319409431,inject,,,53,0.10949861258268356,,100,-2,topk_oracle_100,,0.10914639383554459,all,8
1.4880596979380711,inject,,,53,0.10949861258268356,,200,-2,topk_oracle_200,,0.1078692078590393,all,8
0.9826045450478382,inject,,,53,0.10949861258268356,,500,-2,topk_oracle_500,,0.1084226742386818,all,8
12.374434862899076,inject,,,53,0.10949861258268356,,1000,-2,topk_oracle_1000,,0.09594877809286118,all,8
19.6527713278974,inject,,,53,0.10949861258268356,,2000,-2,topk_oracle_2000,,0.08797910064458847,all,8
20.494677190149734,inject,,,53,0.10949861258268356,,5000,-2,topk_oracle_5000,,0.08705722540616989,all,8
0.43569778293087724,inject,,,53,0.10949861258268356,,100,-2,topk_discovery_100,,0.10902152955532074,all,8
1.2261497599283633,inject,,,53,0.10949861258268356,,500,-2,topk_discovery_500,,0.1081559956073761,all,8
5.263258884419619,inject,,,53,0.10949861258268356,,2000,-2,topk_discovery_2000,,0.10373541712760925,all,8
12.09807946093856,inject,,,53,0.10949861258268356,,5000,-2,topk_discovery_5000,,0.09625138342380524,all,8
-1.8552725092886746,inject,,,53,0.10949861258268356,,500,-2,random_k_500,,0.1115301102399826,all,8
1.956846642994614,inject,,,53,0.10949861258268356,,2000,-2,random_k_2000,,0.10735589265823364,all,8
-0.7183743511703922,inject,,,53,0.10949861258268356,,,5,occ_features,5,0.11028522253036499,all,8
-0.6286940803876817,inject,,,53,0.10949861258268356,,,5,color_features,,0.11018702387809753,all,8
-1.3985835552375647,inject,,,53,0.10949861258268356,,,5,mlp_swap_ceiling,,0.11103004217147827,all,8
-0.3374645455037184,inject,0,,53,0.10949861258268356,,,5,random_same_norm,,0.1098681315779686,all,8
0.2913315989250598,inject,1,,53,0.10949861258268356,,,5,random_same_norm,,0.10917960852384567,all,8
0.6197124447705926,inject,,,53,0.10949861258268356,,,1,occ_features,3,0.10882003605365753,all,8
0.10439110124038642,inject,,,53,0.10949861258268356,,,1,color_features,,0.10938430577516556,all,8
-1.9642632966481166,inject,,,53,0.10949861258268356,,,1,mlp_swap_ceiling,,0.11164945363998413,all,8
-0.09558637662787639,inject,0,,53,0.10949861258268356,,,1,random_same_norm,,0.10960327833890915,all,8
-0.15144942845837228,inject,1,,53,0.10949861258268356,,,1,random_same_norm,,0.1096644476056099,all,8
-0.5018284772963622,inject,,,53,0.10949861258268356,,,7,occ_features,5,0.11004810780286789,all,8
-0.49952863423683436,inject,,,53,0.10949861258268356,,,7,color_features,,0.11004558950662613,all,8
17.363209519445068,inject,,,53,0.10949861258268356,,,7,mlp_swap_ceiling,,0.09048613905906677,all,8
-0.7218173114902582,inject,0,,53,0.10949861258268356,,,7,random_same_norm,,0.11028899252414703,all,8
-0.3049537462776364,inject,1,,53,0.10949861258268356,,,7,random_same_norm,,0.1098325327038765,all,8
0.3480996185866836,inject,,1113,53,0.10949861258268356,38.155999163393496,,1,single_feature_1113,,0.10911744832992554,all,8
0.4047247485907457,inject,,93,53,0.10949861258268356,31.892732724971566,,5,single_feature_93,,0.10905544459819794,all,8
-0.34344549831237803,inject,,564,53,0.10949861258268356,30.82558867525743,,1,single_feature_564,,0.1098746806383133,all,8
-0.46077447643717573,inject,,,56,0.16500522196292877,,,-2,occ_features,29,0.16576552391052246,all,9
-0.46077447643717573,inject,,,56,0.16500522196292877,,,-2,occ_features_uncapped,29,0.16576552391052246,all,9
-0.46077447643717573,inject,,,56,0.16500522196292877,,,-2,occ_features_target_specific,29,0.16576552391052246,all,9
0.12307969620293235,inject,,,56,0.16500522196292877,,,-2,color_features,34,0.16480213403701782,all,9
0.28605711768465714,inject,0,,56,0.16500522196292877,,,-2,random_same_norm,,0.16453321278095245,all,9
-0.33705359904483423,inject,0,,56,0.16500522196292877,,,-2,random_raw,,0.16556137800216675,all,9
-0.2386368018315821,inject,1,,56,0.16500522196292877,,,-2,random_same_norm,,0.1653989851474762,all,9
-0.11581899653698713,inject,1,,56,0.16500522196292877,,,-2,random_raw,,0.16519632935523987,all,9
-0.21407324077264978,inject,2,,56,0.16500522196292877,,,-2,random_same_norm,,0.16535845398902893,all,9
0.056685835576042454,inject,3,,56,0.16500522196292877,,,-2,random_same_norm,,0.164911687374115,all,9
0.147056260398315,inject,4,,56,0.16500522196292877,,,-2,random_same_norm,,0.16476257145404816,all,9
-0.08726385680599691,inject,5,,56,0.16500522196292877,,,-2,random_same_norm,,0.16514921188354492,all,9
0.4437786595574478,inject,6,,56,0.16500522196292877,,,-2,random_same_norm,,0.1642729640007019,all,9
-0.24106606577454226,inject,7,,56,0.16500522196292877,,,-2,random_same_norm,,0.16540299355983734,all,9
0.06056904559638143,inject,8,,56,0.16500522196292877,,,-2,random_same_norm,,0.16490527987480164,all,9
-0.5280985013247586,inject,9,,56,0.16500522196292877,,,-2,random_same_norm,,0.1658766120672226,all,9
-0.04654433591826379,inject,0,,56,0.16500522196292877,,,-2,random_same_norm_uncapped,,0.16508202254772186,all,9
0.37929028105680995,inject,1,,56,0.16500522196292877,,,-2,random_same_norm_uncapped,,0.16437937319278717,all,9
0.7014431904887042,inject,2,,56,0.16500522196292877,,,-2,random_same_norm_uncapped,,0.16384780406951904,all,9
11.329752893284962,inject,,,56,0.16500522196292877,,,-2,all_tc_features,36864,0.14631053805351257,all,9
17.26665723257349,inject,,,56,0.16500522196292877,,,-2,mlp_swap_ceiling,,0.1365143358707428,all,9
-0.5767379645098103,inject,,,56,0.16500522196292877,,,-2,occ_features,,0.16595686972141266,bowl,9
56.39077482953837,inject,,,56,0.16500522196292877,,,-2,mlp_swap_ceiling,,0.07195749878883362,bowl,9
0.10797130000750332,inject,,,56,0.16500522196292877,,,-2,occ_features,,0.16482706367969513,nonbowl,9
-12.66571260109779,inject,,,56,0.16500522196292877,,,-2,mlp_swap_ceiling,,0.18590430915355682,nonbowl,9
-0.8408865531029486,remove,,,56,0.16500522196292877,,,-2,occ_features,,0.1663927286863327,all,9
-0.5078967784980071,remove,,,56,0.16500522196292877,,,-2,color_features,,0.16584327816963196,all,9
78.2016908580115,remove,,,56,0.16500522196292877,,,-2,mlp_swap_ceiling,,0.0359683483839035,all,9
-0.021213163576239147,inject,,,56,0.16500522196292877,,50,-2,topk_oracle_50,,0.16504022479057312,all,9
0.12709836703793664,inject,,,56,0.16500522196292877,,100,-2,topk_oracle_100,,0.16479550302028656,all,9
0.22513587397015034,inject,,,56,0.16500522196292877,,200,-2,topk_oracle_200,,0.16463373601436615,all,9
1.0997341084822532,inject,,,56,0.16500522196292877,,500,-2,topk_oracle_500,,0.16319060325622559,all,9
4.302000674956085,inject,,,56,0.16500522196292877,,1000,-2,topk_oracle_1000,,0.1579066962003708,all,9
4.25139251459793,inject,,,56,0.16500522196292877,,2000,-2,topk_oracle_2000,,0.1579902023077011,all,9
-1.4007822229896272,inject,,,56,0.16500522196292877,,5000,-2,topk_oracle_5000,,0.16731658577919006,all,9
-0.03763101431342175,inject,,,56,0.16500522196292877,,100,-2,topk_discovery_100,,0.16506731510162354,all,9
-0.46045840120296777,inject,,,56,0.16500522196292877,,500,-2,topk_discovery_500,,0.16576500236988068,all,9
-3.5021497179750893,inject,,,56,0.16500522196292877,,2000,-2,topk_discovery_2000,,0.17078395187854767,all,9
-6.789151539381222,inject,,,56,0.16500522196292877,,5000,-2,topk_discovery_5000,,0.17620767652988434,all,9
-1.143235091431083,inject,,,56,0.16500522196292877,,500,-2,random_k_500,,0.16689161956310272,all,9
3.017389646621571,inject,,,56,0.16500522196292877,,2000,-2,random_k_2000,,0.16002637147903442,all,9
-0.20871802323296773,inject,,,56,0.16500522196292877,,,5,occ_features,5,0.16534961760044098,all,9
-0.1453494541335587,inject,,,56,0.16500522196292877,,,5,color_features,,0.16524505615234375,all,9
-0.34846843036044906,inject,,,56,0.16500522196292877,,,5,mlp_swap_ceiling,,0.16558021306991577,all,9
0.2209998037624339,inject,0,,56,0.16500522196292877,,,5,random_same_norm,,0.16464056074619293,all,9
0.0,inject,1,,56,0.16500522196292877,,,5,random_same_norm,,0.16500522196292877,all,9
-0.3940013255292252,inject,,,56,0.16500522196292877,,,1,occ_features,3,0.16565534472465515,all,9
0.28392586753395177,inject,,,56,0.16500522196292877,,,1,color_features,,0.1645367294549942,all,9
3.7529870238473317,inject,,,56,0.16500522196292877,,,1,mlp_swap_ceiling,,0.15881259739398956,all,9
0.0,inject,0,,56,0.16500522196292877,,,1,random_same_norm,,0.16500522196292877,all,9
0.0,inject,1,,56,0.16500522196292877,,,1,random_same_norm,,0.16500522196292877,all,9
-0.05111388073288925,inject,,,56,0.16500522196292877,,,7,occ_features,5,0.16508956253528595,all,9
-0.3906780202094895,inject,,,56,0.16500522196292877,,,7,color_features,,0.16564986109733582,all,9
0.21643928966877946,inject,,,56,0.16500522196292877,,,7,mlp_swap_ceiling,,0.16464808583259583,all,9
0.015072273311522721,inject,0,,56,0.16500522196292877,,,7,random_same_norm,,0.16498035192489624,all,9
-0.06567140294868601,inject,1,,56,0.16500522196292877,,,7,random_same_norm,,0.16511358320713043,all,9
0.16437718323323303,inject,,1113,56,0.16500522196292877,38.155999163393496,,1,single_feature_1113,,0.16473399102687836,all,9
0.1458100209034141,inject,,93,56,0.16500522196292877,31.892732724971566,,5,single_feature_93,,0.1647646278142929,all,9
0.0,inject,,564,56,0.16500522196292877,30.82558867525743,,1,single_feature_564,,0.16500522196292877,all,9
0.14350174172138574,inject,,,57,0.15437830984592438,,,-2,occ_features,29,0.15415677428245544,all,9
0.14350174172138574,inject,,,57,0.15437830984592438,,,-2,occ_features_uncapped,29,0.15415677428245544,all,9
0.14350174172138574,inject,,,57,0.15437830984592438,,,-2,occ_features_target_specific,29,0.15415677428245544,all,9
0.2651215672200946,inject,,,57,0.15437830984592438,,,-2,color_features,34,0.15396901965141296,all,9
-0.07438114089628467,inject,0,,57,0.15437830984592438,,,-2,random_same_norm,,0.15449313819408417,all,9
-0.10452548335917466,inject,0,,57,0.15437830984592438,,,-2,random_raw,,0.15453967452049255,all,9
-0.16284508539594622,inject,1,,57,0.15437830984592438,,,-2,random_same_norm,,0.15462970733642578,all,9
-0.08332888520081738,inject,1,,57,0.15437830984592438,,,-2,random_raw,,0.15450695157051086,all,9
0.1930376896943531,inject,2,,57,0.15437830984592438,,,-2,random_same_norm,,0.15408030152320862,all,9
0.3345993056280139,inject,3,,57,0.15437830984592438,,,-2,random_same_norm,,0.15386176109313965,all,9
0.019546043383722456,inject,4,,57,0.15437830984592438,,,-2,random_same_norm,,0.15434813499450684,all,9
-0.0048840977541653174,inject,5,,57,0.15437830984592438,,,-2,random_same_norm,,0.15438584983348846,all,9
0.11197711076275096,inject,6,,57,0.15437830984592438,,,-2,random_same_norm,,0.15420544147491455,all,9
0.019661871788956287,inject,7,,57,0.15437830984592438,,,-2,random_same_norm,,0.1543479561805725,all,9
0.29774656802847854,inject,8,,57,0.15437830984592438,,,-2,random_same_norm,,0.15391865372657776,all,9
0.16228524810396605,inject,9,,57,0.15437830984592438,,,-2,random_same_norm,,0.15412777662277222,all,9
0.09907189594593468,inject,0,,57,0.15437830984592438,,,-2,random_same_norm_uncapped,,0.15422536432743073,all,9
0.030250518501029333,inject,1,,57,0.15437830984592438,,,-2,random_same_norm_uncapped,,0.15433160960674286,all,9
0.21847167701094516,inject,2,,57,0.15437830984592438,,,-2,random_same_norm_uncapped,,0.15404103696346283,all,9
24.4361979982342,inject,,,57,0.15437830984592438,,,-2,all_tc_features,36864,0.11665412038564682,all,9
88.58393186857376,inject,,,57,0.15437830984592438,,,-2,mlp_swap_ceiling,,0.017623933032155037,all,9
-0.4374549294783536,inject,,,57,0.15437830984592438,,,-2,occ_features,,0.15505364537239075,bowl,9
20.60906822515073,inject,,,57,0.15437830984592438,,,-2,mlp_swap_ceiling,,0.12256237864494324,bowl,9
0.6197302298527885,inject,,,57,0.15437830984592438,,,-2,occ_features,,0.1534215807914734,nonbowl,9
68.43750039212742,inject,,,57,0.15437830984592438,,,-2,mlp_swap_ceiling,,0.04872565343976021,nonbowl,9
-0.6931268293045578,remove,,,57,0.15437830984592438,,,-2,occ_features,,0.15544834733009338,all,9
0.2832487126396721,remove,,,57,0.15437830984592438,,,-2,color_features,,0.15394103527069092,all,9
86.18981423343844,remove,,,57,0.15437830984592438,,,-2,mlp_swap_ceiling,,0.021319931373000145,all,9
-0.04576187243565677,inject,,,57,0.15437830984592438,,50,-2,topk_oracle_50,,0.1544489562511444,all,9
0.3480836624710104,inject,,,57,0.15437830984592438,,100,-2,topk_oracle_100,,0.15384094417095184,all,9
2.4355142245486183,inject,,,57,0.15437830984592438,,200,-2,topk_oracle_200,,0.15061840415000916,all,9
3.6270603339545238,inject,,,57,0.15437830984592438,,500,-2,topk_oracle_500,,0.14877891540527344,all,9
8.326257343882858,inject,,,57,0.15437830984592438,,1000,-2,topk_oracle_1000,,0.14152437448501587,all,9
24.17428584307587,inject,,,57,0.15437830984592438,,2000,-2,topk_oracle_2000,,0.11705845594406128,all,9
30.840128519337505,inject,,,57,0.15437830984592438,,5000,-2,topk_oracle_5000,,0.10676784068346024,all,9
0.21829793440308887,inject,,,57,0.15437830984592438,,100,-2,topk_discovery_100,,0.15404130518436432,all,9
2.5940543542165795,inject,,,57,0.15437830984592438,,500,-2,topk_discovery_500,,0.1503736525774002,all,9
2.7989258459793054,inject,,,57,0.15437830984592438,,2000,-2,topk_discovery_2000,,0.1500573754310608,all,9
2.4194623380561997,inject,,,57,0.15437830984592438,,5000,-2,topk_discovery_5000,,0.15064318478107452,all,9
1.6682572158924658,inject,,,57,0.15437830984592438,,500,-2,random_k_500,,0.1518028825521469,all,9
6.085711282449202,inject,,,57,0.15437830984592438,,2000,-2,random_k_2000,,0.14498329162597656,all,9
-0.14551908644593325,inject,,,57,0.15437830984592438,,,5,occ_features,5,0.15460295975208282,all,9
-0.08141771651442031,inject,,,57,0.15437830984592438,,,5,color_features,,0.15450400114059448,all,9
12.590731044222991,inject,,,57,0.15437830984592438,,,5,mlp_swap_ceiling,,0.1349409520626068,all,9
0.23510270552954404,inject,0,,57,0.15437830984592438,,,5,random_same_norm,,0.15401536226272583,all,9
0.1819953817284392,inject,1,,57,0.15437830984592438,,,5,random_same_norm,,0.15409734845161438,all,9
-0.04024071845269983,inject,,,57,0.15437830984592438,,,1,occ_features,3,0.15444043278694153,all,9
1.1951078328669484,inject,,,57,0.15437830984592438,,,1,color_features,,0.15253332257270813,all,9
18.056239130831365,inject,,,57,0.15437830984592438,,,1,mlp_swap_ceiling,,0.12650339305400848,all,9
0.0,inject,0,,57,0.15437830984592438,,,1,random_same_norm,,0.15437830984592438,all,9
-0.4685258991831587,inject,1,,57,0.15437830984592438,,,1,random_same_norm,,0.15510161221027374,all,9
0.27099020641876415,inject,,,57,0.15437830984592438,,,7,occ_features,5,0.1539599597454071,all,9
0.11390758418335922,inject,,,57,0.15437830984592438,,,7,color_features,,0.15420246124267578,all,9
10.222590342053827,inject,,,57,0.15437830984592438,,,7,mlp_swap_ceiling,,0.13859684765338898,all,9
0.13728561730700362,inject,0,,57,0.15437830984592438,,,7,random_same_norm,,0.15416637063026428,all,9
0.0,inject,1,,57,0.15437830984592438,,,7,random_same_norm,,0.15437830984592438,all,9
-0.13585706697574196,inject,,1113,57,0.15437830984592438,38.155999163393496,,1,single_feature_1113,,0.15458804368972778,all,9
0.24163735805832198,inject,,93,57,0.15437830984592438,31.892732724971566,,5,single_feature_93,,0.1540052741765976,all,9
0.0,inject,,564,57,0.15437830984592438,30.82558867525743,,1,single_feature_564,,0.15437830984592438,all,9
0.9419295696574403,inject,,,58,0.47822698950767517,,,-2,occ_features,29,0.4737224280834198,all,9
0.9419295696574403,inject,,,58,0.47822698950767517,,,-2,occ_features_uncapped,29,0.4737224280834198,all,9
0.9419295696574403,inject,,,58,0.47822698950767517,,,-2,occ_features_target_specific,29,0.4737224280834198,all,9
0.29641728624101304,inject,,,58,0.47822698950767517,,,-2,color_features,34,0.47680944204330444,all,9
0.19794804331251248,inject,0,,58,0.47822698950767517,,,-2,random_same_norm,,0.4772803485393524,all,9
-0.08256559708623712,inject,0,,58,0.47822698950767517,,,-2,random_raw,,0.47862184047698975,all,9
-0.11279000238990644,inject,1,,58,0.47822698950767517,,,-2,random_same_norm,,0.47876638174057007,all,9
0.24503579722477964,inject,1,,58,0.47822698950767517,,,-2,random_raw,,0.477055162191391,all,9
-0.08832381368431008,inject,2,,58,0.47822698950767517,,,-2,random_same_norm,,0.478649377822876,all,9
0.10966162064507401,inject,3,,58,0.47822698950767517,,,-2,random_same_norm,,0.4777025580406189,all,9
0.23657296373974512,inject,4,,58,0.47822698950767517,,,-2,random_same_norm,,0.4770956337451935,all,9
-0.033907420465406624,inject,5,,58,0.47822698950767517,,,-2,random_same_norm,,0.4783891439437866,all,9
-0.10606585118935197,inject,6,,58,0.47822698950767517,,,-2,random_same_norm,,0.47873422503471375,all,9
0.29211108746475256,inject,7,,58,0.47822698950767517,,,-2,random_same_norm,,0.47683003544807434,all,9
0.2896682076958812,inject,8,,58,0.47822698950767517,,,-2,random_same_norm,,0.4768417179584503,all,9
0.19897006444030696,inject,9,,58,0.47822698950767517,,,-2,random_same_norm,,0.47727546095848083,all,9
0.1441859928888567,inject,0,,58,0.47822698950767517,,,-2,random_same_norm_uncapped,,0.47753745317459106,all,9
0.36856325329266415,inject,1,,58,0.47822698950767517,,,-2,random_same_norm_uncapped,,0.4764644205570221,all,9
0.35081498395146404,inject,2,,58,0.47822698950767517,,,-2,random_same_norm_uncapped,,0.47654929757118225,all,9
42.54678317292068,inject,,,58,0.47822698950767517,,,-2,all_tc_features,36864,0.2747567892074585,all,9
69.59094850727271,inject,,,58,0.47822698950767517,,,-2,mlp_swap_ceiling,,0.14542429149150848,all,9
0.9450330240576954,inject,,,58,0.47822698950767517,,,-2,occ_features,,0.4737075865268707,bowl,9
26.891868606720347,inject,,,58,0.47822698950767517,,,-2,mlp_swap_ceiling,,0.34962281584739685,bowl,9
0.7859030880929208,inject,,,58,0.47822698950767517,,,-2,occ_features,,0.4744685888290405,nonbowl,9
59.18561118888789,inject,,,58,0.47822698950767517,,,-2,mlp_swap_ceiling,,0.19518542289733887,nonbowl,9
-0.3397908658107962,remove,,,58,0.47822698950767517,,,-2,occ_features,,0.47985196113586426,all,9
-0.11381202351770092,remove,,,58,0.47822698950767517,,,-2,color_features,,0.47877126932144165,all,9
91.39321733185804,remove,,,58,0.47822698950767517,,,-2,mlp_swap_ceiling,,0.04115995764732361,all,9
0.02322605331273042,inject,,,58,0.47822698950767517,,50,-2,topk_oracle_50,,0.47811591625213623,all,9
-0.23275908001896273,inject,,,58,0.47822698950767517,,100,-2,topk_oracle_100,,0.4793401062488556,all,9
0.05521406824545716,inject,,,58,0.47822698950767517,,200,-2,topk_oracle_200,,0.4779629409313202,all,9
4.430143765343953,inject,,,58,0.47822698950767517,,500,-2,topk_oracle_500,,0.45704084634780884,all,9
9.47992523042993,inject,,,58,0.47822698950767517,,1000,-2,topk_oracle_1000,,0.4328914284706116,all,9
18.462151098968725,inject,,,58,0.47822698950767517,,2000,-2,topk_oracle_2000,,0.38993600010871887,all,9
31.785735763292433,inject,,,58,0.47822698950767517,,5000,-2,topk_oracle_5000,,0.32621902227401733,all,9
-0.43404115566909596,inject,,,58,0.47822698950767517,,100,-2,topk_discovery_100,,0.48030269145965576,all,9
0.5196104977772564,inject,,,58,0.47822698950767517,,500,-2,topk_discovery_500,,0.47574207186698914,all,9
7.89364249887905,inject,,,58,0.47822698950767517,,2000,-2,topk_discovery_2000,,0.4404774606227875,all,9
13.896153305661906,inject,,,58,0.47822698950767517,,5000,-2,topk_discovery_5000,,0.41177183389663696,all,9
0.9716678917417898,inject,,,58,0.47822698950767517,,500,-2,random_k_500,,0.4735802114009857,all,9
2.3117058498557497,inject,,,58,0.47822698950767517,,2000,-2,random_k_2000,,0.4671717882156372,all,9
0.061302572159205315,inject,,,58,0.47822698950767517,,,5,occ_features,5,0.4779338240623474,all,9
0.1316475385649385,inject,,,58,0.47822698950767517,,,5,color_features,,0.4775974154472351,all,9
12.890621616307719,inject,,,58,0.47822698950767517,,,5,mlp_swap_ceiling,,0.41658055782318115,all,9
0.2057876931830238,inject,0,,58,0.47822698950767517,,,5,random_same_norm,,0.4772428572177887,all,9
0.24965981964443218,inject,1,,58,0.47822698950767517,,,5,random_same_norm,,0.4770330488681793,all,9
0.07696317639180883,inject,,,58,0.47822698950767517,,,1,occ_features,3,0.47785893082618713,all,9
0.14934595321698385,inject,,,58,0.47822698950767517,,,1,color_features,,0.47751277685165405,all,9
11.633647802171609,inject,,,58,0.47822698950767517,,,1,mlp_swap_ceiling,,0.4225917458534241,all,9
0.0,inject,0,,58,0.47822698950767517,,,1,random_same_norm,,0.47822698950767517,all,9
0.1928815605265477,inject,1,,58,0.47822698950767517,,,1,random_same_norm,,0.4773045778274536,all,9
0.5932209463230143,inject,,,58,0.47822698950767517,,,7,occ_features,5,0.4753900468349457,all,9
0.06744093076211932,inject,,,58,0.47822698950767517,,,7,color_features,,0.47790446877479553,all,9
9.766116073556852,inject,,,58,0.47822698950767517,,,7,mlp_swap_ceiling,,0.43152278661727905,all,9
0.25655223042089226,inject,0,,58,0.47822698950767517,,,7,random_same_norm,,0.47700008749961853,all,9
0.0,inject,1,,58,0.47822698950767517,,,7,random_same_norm,,0.47822698950767517,all,9
0.15698618433085398,inject,,1113,58,0.47822698950767517,38.155999163393496,,1,single_feature_1113,,0.47747623920440674,all,9
0.12815147848754815,inject,,93,58,0.47822698950767517,31.892732724971566,,5,single_feature_93,,0.4776141345500946,all,9
0.0,inject,,564,58,0.47822698950767517,30.82558867525743,,1,single_feature_564,,0.47822698950767517,all,9
0.24901089512975316,inject,,,59,0.2970048487186432,,,-2,occ_features,29,0.29626527428627014,all,9
0.24901089512975316,inject,,,59,0.2970048487186432,,,-2,occ_features_uncapped,29,0.29626527428627014,all,9
0.24901089512975316,inject,,,59,0.2970048487186432,,,-2,occ_features_target_specific,29,0.29626527428627014,all,9
0.14766458465221843,inject,,,59,0.2970048487186432,,,-2,color_features,34,0.29656627774238586,all,9
0.21724233879589772,inject,0,,59,0.2970048487186432,,,-2,random_same_norm,,0.2963596284389496,all,9
-0.12123426962273864,inject,0,,59,0.2970048487186432,,,-2,random_raw,,0.2973649203777313,all,9
0.27091574619633185,inject,1,,59,0.2970048487186432,,,-2,random_same_norm,,0.2962002158164978,all,9
-0.010395522540074253,inject,1,,59,0.2970048487186432,,,-2,random_raw,,0.29703572392463684,all,9
-0.018432987361105546,inject,2,,59,0.2970048487186432,,,-2,random_same_norm,,0.2970595955848694,all,9
-0.137570090757122,inject,3,,59,0.2970048487186432,,,-2,random_same_norm,,0.2974134385585785,all,9
0.1625353997143586,inject,4,,59,0.2970048487186432,,,-2,random_same_norm,,0.2965221107006073,all,9
0.27676573619715983,inject,5,,59,0.2970048487186432,,,-2,random_same_norm,,0.2961828410625458,all,9
0.29228877999010194,inject,6,,59,0.2970048487186432,,,-2,random_same_norm,,0.296136736869812,all,9
0.14088140585193365,inject,7,,59,0.2970048487186432,,,-2,random_same_norm,,0.29658642411231995,all,9
-0.10995572972403167,inject,8,,59,0.2970048487186432,,,-2,random_same_norm,,0.29733142256736755,all,9
0.5031994829531983,inject,9,,59,0.2970048487186432,,,-2,random_same_norm,,0.29551032185554504,all,9
0.2833281606577809,inject,0,,59,0.2970048487186432,,,-2,random_same_norm_uncapped,,0.2961633503437042,all,9
0.09858688123185466,inject,1,,59,0.2970048487186432,,,-2,random_same_norm_uncapped,,0.2967120409011841,all,9
0.05177692693704161,inject,2,,59,0.2970048487186432,,,-2,random_same_norm_uncapped,,0.2968510687351227,all,9
27.960674420562505,inject,,,59,0.2970048487186432,,,-2,all_tc_features,36864,0.21396028995513916,all,9
41.80724453530158,inject,,,59,0.2970048487186432,,,-2,mlp_swap_ceiling,,0.1728353053331375,all,9
0.4816960034132678,inject,,,59,0.2970048487186432,,,-2,occ_features,,0.2955741882324219,bowl,9
17.879832174523568,inject,,,59,0.2970048487186432,,,-2,mlp_swap_ceiling,,0.24390088021755219,bowl,9
0.09105113081911975,inject,,,59,0.2970048487186432,,,-2,occ_features,,0.29673442244529724,nonbowl,9
26.01091690415318,inject,,,59,0.2970048487186432,,,-2,mlp_swap_ceiling,,0.21975116431713104,nonbowl,9
-1.4754015947895605,remove,,,59,0.2970048487186432,,,-2,occ_features,,0.30138686299324036,all,9
-0.19114315527588577,remove,,,59,0.2970048487186432,,,-2,color_features,,0.2975725531578064,all,9
88.46484321575254,remove,,,59,0.2970048487186432,,,-2,mlp_swap_ceiling,,0.03425997495651245,all,9
0.03375534539074021,inject,,,59,0.2970048487186432,,50,-2,topk_oracle_50,,0.296904593706131,all,9
0.04597710837703772,inject,,,59,0.2970048487186432,,100,-2,topk_oracle_100,,0.29686829447746277,all,9
1.9234927671345714,inject,,,59,0.2970048487186432,,200,-2,topk_oracle_200,,0.2912919819355011,all,9
2.6120054839391726,inject,,,59,0.2970048487186432,,500,-2,topk_oracle_500,,0.289247065782547,all,9
6.192530495957738,inject,,,59,0.2970048487186432,,1000,-2,topk_oracle_1000,,0.27861273288726807,all,9
12.532856022313855,inject,,,59,0.2970048487186432,,2000,-2,topk_oracle_2000,,0.2597816586494446,all,9
18.35475503342472,inject,,,59,0.2970048487186432,,5000,-2,topk_oracle_5000,,0.24249033629894257,all,9
0.4261461841257752,inject,,,59,0.2970048487186432,,100,-2,topk_discovery_100,,0.29573917388916016,all,9
2.983585209017736,inject,,,59,0.2970048487186432,,500,-2,topk_discovery_500,,0.28814345598220825,all,9
3.6791319618267537,inject,,,59,0.2970048487186432,,2000,-2,topk_discovery_2000,,0.2860776484012604,all,9
9.215570526044548,inject,,,59,0.2970048487186432,,5000,-2,topk_discovery_5000,,0.2696341574192047,all,9
-0.3718105137063832,inject,,,59,0.2970048487186432,,500,-2,random_k_500,,0.29810914397239685,all,9
3.3406352848317944,inject,,,59,0.2970048487186432,,2000,-2,random_k_2000,,0.2870829999446869,all,9
0.011067819847199178,inject,,,59,0.2970048487186432,,,5,occ_features,5,0.29697197675704956,all,9
0.19638105369859105,inject,,,59,0.2970048487186432,,,5,color_features,,0.2964215874671936,all,9
2.584621911533902,inject,,,59,0.2970048487186432,,,5,mlp_swap_ceiling,,0.289328396320343,all,9
0.3488620966705325,inject,0,,59,0.2970048487186432,,,5,random_same_norm,,0.2959687113761902,all,9
0.13283390674273532,inject,1,,59,0.2970048487186432,,,5,random_same_norm,,0.2966103255748749,all,9
-0.2037662897888426,inject,,,59,0.2970048487186432,,,1,occ_features,3,0.2976100444793701,all,9
0.26574808779078474,inject,,,59,0.2970048487186432,,,1,color_features,,0.29621556401252747,all,9
-1.1484142463211056,inject,,,59,0.2970048487186432,,,1,mlp_swap_ceiling,,0.30041569471359253,all,9
0.0,inject,0,,59,0.2970048487186432,,,1,random_same_norm,,0.2970048487186432,all,9
0.12605072794245054,inject,1,,59,0.2970048487186432,,,1,random_same_norm,,0.29663047194480896,all,9
0.241063738902203,inject,,,59,0.2970048487186432,,,7,occ_features,5,0.2962888777256012,all,9
0.11073840420099401,inject,,,59,0.2970048487186432,,,7,color_features,,0.2966759502887726,all,9
2.2216415714136795,inject,,,59,0.2970048487186432,,,7,mlp_swap_ceiling,,0.2904064655303955,all,9
0.061510186458146876,inject,0,,59,0.2970048487186432,,,7,random_same_norm,,0.2968221604824066,all,9
0.056974688207067636,inject,1,,59,0.2970048487186432,,,7,random_same_norm,,0.29683563113212585,all,9
0.34507917003191446,inject,,1113,59,0.2970048487186432,38.155999163393496,,1,single_feature_1113,,0.29597994685173035,all,9
0.20237152373374645,inject,,93,59,0.2970048487186432,31.892732724971566,,5,single_feature_93,,0.29640379548072815,all,9
0.10071415032306685,inject,,564,59,0.2970048487186432,30.82558867525743,,1,single_feature_564,,0.2967057228088379,all,9
